item_id,order_id,product_id,quantity,unit_price,line_revenue,line_cost
1,30001,P008,2,18932,35214,23241
2,30002,P009,1,9516,8850,6284
3,30002,P002,1,25970,24152,16665
4,30002,P010,3,12153,33907,22718
5,30003,P007,3,53794,156541,117406
6,30004,P005,2,261224,496326,402024
7,30005,P009,1,10356,9838,6985
8,30006,P005,3,259447,739424,598933
9,30007,P010,2,13306,25814,17295
10,30008,P002,1,28290,26876,18544
11,30009,P005,1,252399,244827,198310
12,30010,P006,2,40730,79016,57682
13,30011,P009,1,9949,9949,7064
14,30012,P010,3,12067,35115,23527
15,30013,P005,2,237608,475216,384925
16,30014,P001,1,82963,82963,63882
17,30015,P003,2,6156,12312,7633
18,30016,P003,2,6524,12396,7686
19,30017,P003,3,6007,17480,10838
20,30017,P004,1,4153,4028,2336
21,30018,P009,1,9620,9331,6625
22,30019,P001,2,74416,148832,114601
23,30020,P003,1,6140,5833,3616
24,30021,P009,1,9607,9319,6616
25,30022,P005,1,241757,241757,195823
26,30022,P008,1,18120,18120,11959
27,30023,P010,1,12524,12148,8139
28,30023,P005,2,242518,470485,381093
29,30024,P003,1,5974,5675,3518
30,30025,P003,1,6071,5889,3651
31,30026,P008,1,19166,19166,12650
32,30026,P004,1,3833,3833,2223
33,30026,P003,1,5938,5938,3682
34,30027,P008,1,18912,18912,12482
35,30027,P005,2,242499,484998,392848
36,30028,P005,2,256342,461416,373747
37,30029,P010,1,12494,12494,8371
38,30029,P005,1,238095,238095,192857
39,30030,P007,1,53793,52179,39134
40,30031,P004,4,4197,16788,9737
41,30032,P006,1,40662,39442,28793
42,30033,P004,1,4202,4202,2437
43,30034,P007,1,55021,52270,39202
44,30035,P010,1,12055,11693,7834
45,30035,P001,1,82601,80123,61695
46,30035,P007,1,49878,48382,36286
47,30036,P001,1,74755,69522,53532
48,30037,P005,2,249086,483227,391414
49,30038,P002,3,25789,71951,49646
50,30038,P004,1,3717,3457,2005
51,30039,P002,1,27478,27478,18960
52,30039,P006,1,40255,40255,29386
53,30040,P002,1,27813,25866,17848
54,30040,P008,1,18511,17215,11362
55,30040,P003,2,6077,11303,7008
56,30041,P005,1,254423,246790,199900
57,30042,P008,2,19842,37700,24882
58,30042,P003,1,6026,5725,3550
59,30043,P007,1,49887,46395,34796
60,30044,P007,1,53846,53846,40384
61,30045,P010,4,12912,49066,32874
62,30046,P001,1,82477,82477,63507
63,30046,P004,2,4178,8356,4846
64,30047,P009,2,10140,20280,14399
65,30048,P004,3,4158,11227,6512
66,30049,P006,1,41666,38749,28287
67,30050,P008,1,19523,18156,11983
68,30051,P001,3,82996,241518,185969
69,30052,P001,1,80319,76303,58753
70,30053,P006,1,41827,40572,29618
71,30054,P007,2,55763,105950,79462
72,30055,P006,1,39467,39467,28811
73,30056,P003,1,6216,6030,3739
74,30057,P010,2,12988,25197,16882
75,30057,P003,1,6309,6120,3794
76,30057,P008,1,17419,16896,11151
77,30058,P004,1,4026,3905,2265
78,30059,P003,1,6002,6002,3721
79,30060,P003,2,6350,12319,7638
80,30061,P007,2,49438,88988,66741
81,30061,P001,1,74438,66994,51585
82,30061,P002,1,26706,24035,16584
83,30062,P004,2,3773,7546,4377
84,30063,P003,2,5978,11956,7413
85,30063,P002,1,27020,27020,18644
86,30064,P006,1,41556,40309,29426
87,30064,P008,1,17489,16964,11196
88,30064,P007,4,55812,216551,162413
89,30065,P007,2,49435,95904,71928
90,30066,P006,1,37632,37632,27471
91,30066,P005,1,240221,240221,194579
92,30067,P007,1,53408,53408,40056
93,30068,P003,1,5994,5994,3716
94,30068,P005,1,231386,231386,187423
95,30069,P007,1,49010,47540,35655
96,30069,P008,1,19738,19146,12636
97,30069,P005,1,256681,248981,201675
98,30070,P008,1,19203,17859,11787
99,30070,P007,1,50811,47254,35440
100,30071,P004,1,3754,3754,2177
101,30072,P003,2,6468,12936,8020
102,30073,P010,2,12154,23093,15472
103,30074,P008,1,19639,19050,12573
104,30075,P003,1,6186,5567,3452
105,30076,P008,3,18589,55767,36806
106,30077,P002,1,27095,27095,18696
107,30077,P007,2,53966,107932,80949
108,30078,P002,2,25171,50342,34736
109,30079,P003,1,6311,5869,3639
110,30079,P005,1,248599,231197,187270
111,30079,P006,1,38672,35965,26254
112,30080,P003,2,6201,11782,7305
113,30081,P008,1,19468,18884,12463
114,30082,P010,1,13444,13041,8737
115,30082,P001,1,77569,75242,57936
116,30083,P008,2,18322,36644,24185
117,30084,P008,2,18590,37180,24539
118,30085,P003,1,6623,6623,4106
119,30085,P007,1,50000,50000,37500
120,30086,P004,1,4099,4099,2377
121,30086,P009,3,10026,30078,21355
122,30087,P004,1,4041,3920,2274
123,30087,P001,1,74850,72604,55905
124,30088,P002,3,26251,74815,51622
125,30088,P009,2,9350,17765,12613
126,30088,P003,1,5943,5646,3501
127,30089,P002,1,26156,25371,17506
128,30090,P001,1,82063,77960,60029
129,30091,P003,2,6018,12036,7462
130,30092,P001,1,75818,72027,55461
131,30093,P002,2,28128,56256,38817
132,30094,P006,2,39013,74125,54111
133,30095,P005,1,235682,219184,177539
134,30095,P004,1,4106,3819,2215
135,30096,P004,1,4080,3958,2296
136,30097,P009,2,10036,19068,13538
137,30098,P001,1,82779,80296,61828
138,30099,P002,1,25200,25200,17388
139,30100,P004,2,3870,7198,4175
140,30101,P001,2,73466,146932,113138
141,30102,P009,1,9468,9468,6722
142,30103,P002,2,27196,50585,34904
143,30104,P010,1,12566,11686,7830
144,30104,P005,2,256607,477289,386604
145,30105,P005,2,240050,480100,388881
146,30105,P010,2,12159,24318,16293
147,30105,P006,1,38497,38497,28103
148,30106,P007,1,50107,50107,37580
149,30107,P006,1,41423,41423,30239
150,30108,P008,1,18487,17932,11835
151,30109,P008,1,19401,19401,12805
152,30110,P002,1,28071,25264,17432
153,30111,P008,2,19413,38826,25625
154,30112,P003,1,5925,5629,3490
155,30113,P009,1,9306,9306,6607
156,30114,P004,1,4106,3819,2215
157,30115,P009,1,10425,10112,7180
158,30116,P005,2,234575,469150,380012
159,30117,P006,2,38694,71971,52539
160,30118,P002,1,26761,25958,17911
161,30119,P003,1,6566,6106,3786
162,30120,P003,1,6403,6083,3771
163,30120,P005,1,236493,224668,181981
164,30121,P007,2,52796,105592,79194
165,30122,P004,1,3796,3796,2202
166,30123,P006,1,41621,40372,29472
167,30124,P001,3,76603,229809,176953
168,30124,P006,1,38547,38547,28139
169,30124,P007,1,54735,54735,41051
170,30125,P007,1,53371,49635,37226
171,30126,P006,1,38340,38340,27988
172,30127,P001,1,74501,69286,53350
173,30128,P003,2,6447,12507,7754
174,30129,P009,2,9742,18899,13418
175,30129,P004,1,3755,3642,2112
176,30130,P010,1,13401,13401,8979
177,30131,P009,1,10117,10117,7183
178,30132,P004,1,4169,4044,2346
179,30132,P010,2,11999,23278,15596
180,30133,P010,1,12309,11694,7835
181,30134,P005,1,248554,236126,191262
182,30135,P009,1,10003,10003,7102
183,30136,P003,1,5864,5688,3527
184,30137,P005,1,246578,246578,199728
185,30137,P007,1,52972,52972,39729
186,30138,P010,1,12913,11622,7787
187,30139,P004,1,3973,3973,2304
188,30140,P006,1,41690,40439,29520
189,30141,P006,2,41972,78068,56990
190,30142,P002,2,25571,46028,31759
191,30142,P005,1,243403,219063,177441
192,30143,P004,1,3756,3756,2178
193,30144,P005,1,256077,238152,192903
194,30145,P006,1,40664,37818,27607
195,30146,P009,2,9724,18476,13118
196,30147,P002,3,27217,79201,54649
197,30148,P001,1,77678,75348,58018
198,30148,P009,2,9223,17893,12704
199,30148,P006,2,41223,79973,58380
200,30149,P008,1,19839,18847,12439
201,30149,P010,1,12523,11897,7971
202,30150,P009,2,9581,18204,12925
203,30151,P009,1,9592,8633,6129
204,30152,P001,1,81698,77613,59762
205,30153,P007,1,50515,46979,35234
206,30154,P004,2,4130,7434,4312
207,30154,P007,3,50735,136984,102738
208,30155,P006,1,40069,37264,27203
209,30155,P008,2,19727,36692,24217
210,30156,P003,2,6622,12847,7965
211,30156,P010,2,12873,24974,16733
212,30157,P005,1,261404,253562,205385
213,30158,P005,2,234079,468158,379208
214,30159,P010,1,13275,11948,8005
215,30159,P005,3,231453,624923,506188
216,30160,P009,3,9451,28353,20131
217,30161,P006,2,39134,78268,57136
218,30162,P007,1,51903,51903,38927
219,30163,P002,1,27070,27070,18678
220,30164,P003,1,6190,5880,3646
221,30165,P003,2,6539,12163,7541
222,30166,P007,1,50842,47283,35462
223,30167,P007,3,54009,153926,115444
224,30168,P005,1,242008,234748,190146
225,30169,P003,1,6524,6198,3843
226,30169,P010,1,12548,11921,7987
227,30170,P008,1,19339,18372,12126
228,30171,P001,2,76618,148639,114452
229,30171,P007,1,49909,48412,36309
230,30172,P001,1,74770,74770,57573
231,30173,P002,3,28129,84387,58227
232,30174,P009,2,10341,20062,14244
233,30174,P006,1,37141,36027,26300
234,30174,P007,2,51336,99592,74694
235,30175,P007,2,54272,103117,77338
236,30176,P002,1,28067,28067,19366
237,30177,P009,1,9631,9342,6633
238,30178,P006,1,38032,38032,27763
239,30179,P009,1,9989,9989,7092
240,30180,P003,1,6289,5849,3626
241,30181,P001,1,77820,77820,59921
242,30182,P005,3,253395,737379,597277
243,30183,P007,2,54417,103392,77544
244,30183,P005,1,246347,234030,189564
245,30184,P005,1,239449,222688,180377
246,30185,P006,2,40282,76536,55871
247,30186,P001,4,81424,315925,243262
248,30186,P003,1,6547,6351,3938
249,30186,P002,1,27973,27134,18722
250,30187,P004,1,3699,3514,2038
251,30187,P001,1,80745,76708,59065
252,30188,P002,1,28542,27115,18709
253,30189,P009,1,10244,9937,7055
254,30189,P003,1,5994,5814,3605
255,30189,P005,1,240780,233557,189181
256,30190,P010,1,12974,11677,7824
257,30191,P005,1,250229,250229,202685
258,30191,P009,2,10542,21084,14970
259,30191,P006,3,38500,115500,84315
260,30192,P003,1,5901,5606,3476
261,30192,P002,1,26422,25101,17320
262,30193,P005,2,238761,477522,386793
263,30193,P003,1,5970,5970,3701
264,30194,P002,2,26366,51150,35294
265,30195,P010,1,12514,11263,7546
266,30195,P001,2,82818,149072,114785
267,30196,P010,1,12469,11596,7769
268,30197,P007,1,51476,47873,35905
269,30198,P006,1,41072,41072,29983
270,30198,P001,1,76903,76903,59215
271,30198,P007,1,52369,52369,39277
272,30199,P003,2,6065,12130,7521
273,30199,P006,1,40261,40261,29391
274,30199,P007,3,55867,167601,125701
275,30200,P004,1,4092,4092,2373
276,30201,P007,1,53138,51544,38658
277,30202,P004,2,3696,7022,4073
278,30203,P009,1,9285,8635,6131
279,30203,P006,1,38274,35595,25984
280,30204,P005,3,253582,722709,585394
281,30204,P010,1,12491,11866,7950
282,30205,P006,1,41682,40432,29515
283,30206,P007,1,51545,48968,36726
284,30207,P009,2,9461,18922,13435
285,30208,P003,1,5862,5569,3453
286,30208,P004,1,4036,3834,2224
287,30209,P007,2,53279,106558,79918
288,30210,P009,1,9366,9085,6450
289,30210,P001,1,76831,74526,57385
290,30211,P009,1,10533,10533,7478
291,30211,P001,1,81635,81635,62859
292,30212,P009,2,10458,20916,14850
293,30213,P010,1,11962,11962,8015
294,30214,P002,1,27700,27700,19113
295,30215,P006,1,37904,36767,26840
296,30215,P001,1,83871,81355,62643
297,30216,P006,3,41495,112036,81786
298,30216,P002,1,25496,22946,15833
299,30217,P004,4,3923,14907,8646
300,30217,P003,1,6491,6166,3823
301,30218,P006,1,42028,42028,30680
302,30219,P003,3,5951,17317,10737
303,30219,P004,1,3913,3796,2202
304,30220,P009,2,10525,21050,14946
305,30221,P003,3,5990,16173,10027
306,30222,P002,2,26131,52262,36061
307,30223,P003,2,6030,12060,7477
308,30224,P008,1,17466,16593,10951
309,30225,P006,1,38999,37829,27615
310,30226,P003,2,6497,12084,7492
311,30227,P009,1,9563,9085,6450
312,30227,P003,1,6644,6312,3913
313,30228,P008,1,19165,17248,11384
314,30229,P009,1,9916,9916,7040
315,30230,P004,1,4144,3854,2235
316,30231,P003,1,6178,5993,3716
317,30231,P006,2,39715,77047,56244
318,30232,P002,1,28441,26450,18250
319,30233,P007,2,49521,94090,70568
320,30234,P007,1,53746,49984,37488
321,30235,P006,1,42085,42085,30722
322,30236,P008,1,17520,16994,11216
323,30236,P002,1,27560,26733,18446
324,30237,P002,2,26057,52114,35959
325,30238,P007,2,54821,109642,82232
326,30239,P001,1,74421,70700,54439
327,30240,P010,3,12125,34556,23153
328,30240,P001,1,79082,75128,57849
329,30240,P006,3,36870,105080,76708
330,30241,P006,1,39692,38501,28106
331,30241,P002,1,26975,26166,18055
332,30242,P001,1,74694,72453,55789
333,30242,P005,1,259527,251741,203910
334,30243,P006,3,40243,117107,85488
335,30243,P008,2,17851,34631,22856
336,30244,P008,2,19948,38699,25541
337,30245,P004,1,4033,3630,2105
338,30246,P001,1,78507,78507,60450
339,30247,P005,1,250624,238093,192855
340,30248,P003,2,6209,12045,7468
341,30249,P005,1,246904,234559,189993
342,30249,P008,2,17444,33144,21875
343,30250,P010,3,12271,34972,23431
344,30251,P005,1,250656,238123,192880
345,30252,P010,2,12210,24420,16361
346,30252,P003,1,6092,6092,3777
347,30253,P003,1,6113,6113,3790
348,30254,P010,2,12863,23925,16030
349,30254,P003,3,6645,18540,11495
350,30255,P002,1,26616,24753,17080
351,30256,P007,2,51948,98701,74026
352,30257,P008,2,17572,35144,23195
353,30258,P005,2,258343,501185,405960
354,30258,P010,1,12845,12460,8348
355,30259,P005,1,245492,245492,198849
356,30260,P004,2,3822,6880,3990
357,30260,P008,3,19278,52051,34354
358,30261,P002,1,25682,24398,16835
359,30262,P006,4,39290,152445,111285
360,30263,P008,2,17446,34892,23029
361,30264,P007,1,50018,46517,34888
362,30265,P002,2,28374,56748,39156
363,30265,P004,1,4057,4057,2353
364,30266,P010,1,13413,13413,8987
365,30267,P006,1,37729,37729,27542
366,30268,P002,1,25560,23771,16402
367,30269,P005,3,254781,764343,619118
368,30270,P005,1,263016,263016,213043
369,30271,P001,1,76769,74466,57339
370,30272,P006,1,37117,35261,25741
371,30273,P004,1,3745,3745,2172
372,30273,P001,1,74734,74734,57545
373,30273,P003,2,5917,11834,7337
374,30274,P004,1,4033,3912,2269
375,30275,P002,2,26680,51759,35714
376,30276,P003,1,6165,6165,3822
377,30277,P001,1,78757,73244,56398
378,30278,P010,3,13456,39157,26235
379,30279,P001,1,75222,72965,56183
380,30279,P003,1,6632,6433,3988
381,30280,P008,2,19332,38664,25518
382,30280,P001,1,80265,80265,61804
383,30281,P008,1,17852,16602,10957
384,30282,P010,1,13285,12886,8634
385,30283,P010,1,12144,12144,8136
386,30284,P001,2,79425,154084,118645
387,30285,P007,2,52731,102298,76724
388,30285,P009,2,10353,20085,14260
389,30286,P004,2,4029,7655,4440
390,30287,P010,1,11967,11369,7617
391,30287,P001,2,75980,144362,111159
392,30288,P006,2,40381,80762,58956
393,30288,P002,2,26988,53976,37243
394,30289,P010,1,12347,11112,7445
395,30290,P002,3,24956,72622,50109
396,30291,P005,1,263817,263817,213692
397,30291,P006,3,38848,116544,85077
398,30292,P006,2,37516,69780,50939
399,30293,P005,1,233381,221712,179587
400,30294,P007,1,55553,51664,38748
401,30294,P010,2,12522,23291,15605
402,30295,P008,1,18682,18682,12330
403,30296,P008,2,17472,33197,21910
404,30296,P005,1,257003,244153,197764
405,30297,P006,4,37084,148336,108285
406,30298,P003,1,6360,6042,3746
407,30299,P006,1,40573,40573,29618
408,30300,P001,1,78710,74774,57576
409,30301,P003,3,6044,18132,11242
410,30302,P001,2,81625,163250,125702
411,30303,P001,1,75787,70482,54271
412,30304,P006,1,38623,35919,26221
413,30305,P004,1,3919,3801,2205
414,30305,P006,1,41595,40347,29453
415,30305,P002,2,25125,48742,33632
416,30306,P005,2,253498,456296,369600
417,30307,P001,1,75761,70458,54253
418,30308,P008,1,18575,18575,12259
419,30308,P002,1,28591,28591,19728
420,30309,P010,1,13210,13210,8851
421,30310,P009,2,9556,19112,13570
422,30310,P001,1,79023,79023,60848
423,30311,P003,2,6257,12139,7526
424,30312,P010,2,12476,24203,16216
425,30312,P003,1,6568,6371,3950
426,30313,P009,2,10076,20152,14308
427,30314,P008,2,18734,35595,23493
428,30314,P006,1,40523,38497,28103
429,30315,P003,1,6609,6411,3975
430,30316,P010,1,13394,12456,8346
431,30317,P008,2,17557,35114,23175
432,30318,P001,4,80433,321732,247734
433,30318,P002,1,26260,26260,18119
434,30319,P009,1,10310,10001,7101
435,30320,P005,1,241995,241995,196016
436,30321,P005,1,261440,261440,211766
437,30322,P004,1,4050,3645,2114
438,30323,P004,1,3846,3846,2231
439,30324,P006,2,39884,77375,56484
440,30325,P002,1,27965,27126,18717
441,30326,P007,1,55744,55744,41808
442,30327,P009,1,10139,9429,6695
443,30327,P001,1,78484,72990,56202
444,30327,P007,3,53981,150607,112955
445,30328,P006,1,40007,40007,29205
446,30329,P001,2,81346,157811,121514
447,30329,P009,3,10162,29571,20995
448,30329,P006,1,40588,39370,28740
449,30330,P009,1,9886,9589,6808
450,30331,P005,2,247857,470928,381452
451,30332,P007,1,53294,51695,38771
452,30333,P004,2,3713,7203,4178
453,30334,P002,1,28030,25227,17407
454,30335,P007,1,55443,49899,37424
455,30335,P008,1,17435,15692,10357
456,30335,P005,1,238624,214762,173957
457,30336,P007,2,52492,104984,78738
458,30337,P002,1,27916,27916,19262
459,30338,P003,1,5963,5784,3586
460,30338,P004,1,4142,4018,2330
461,30339,P005,1,243295,218966,177362
462,30339,P008,2,17470,31446,20754
463,30340,P008,3,18406,55218,36444
464,30341,P007,2,49853,96715,72536
465,30341,P008,1,19445,18862,12449
466,30342,P009,2,9680,18392,13058
467,30343,P009,1,9452,9452,6711
468,30344,P009,1,9245,8968,6367
469,30344,P007,1,51508,49963,37472
470,30345,P009,3,9910,28838,20475
471,30345,P006,1,41697,40446,29526
472,30346,P004,1,4084,4084,2369
473,30346,P006,3,39428,118284,86347
474,30347,P006,2,37542,72831,53167
475,30347,P004,2,4129,8010,4646
476,30348,P009,1,9503,9218,6545
477,30349,P010,2,13070,25356,16989
478,30349,P005,1,243583,236276,191384
479,30349,P008,3,17927,52168,34431
480,30350,P010,1,11754,11754,7875
481,30351,P003,2,6056,11506,7134
482,30352,P005,2,247077,479329,388256
483,30353,P010,2,11943,22692,15204
484,30353,P001,2,80887,153685,118337
485,30354,P002,3,27611,82833,57155
486,30354,P006,2,39019,78038,56968
487,30355,P005,1,248501,241046,195247
488,30356,P006,1,40020,38019,27754
489,30356,P004,2,4013,7625,4423
490,30357,P001,1,80786,80786,62205
491,30358,P006,1,39644,38455,28072
492,30359,P008,1,19151,19151,12640
493,30360,P009,1,9621,9332,6626
494,30361,P001,1,75406,71636,55160
495,30362,P004,3,4087,11893,6898
496,30363,P002,2,26157,52314,36097
497,30364,P004,3,3717,10816,6273
498,30364,P003,2,6505,12620,7824
499,30364,P007,2,50259,97502,73126
500,30365,P005,2,242228,469922,380637
501,30366,P003,2,6163,11710,7260
502,30367,P007,2,53552,107104,80328
503,30368,P009,2,10139,18859,13390
504,30369,P008,3,18360,55080,36353
505,30370,P009,3,10512,31536,22391
506,30371,P003,1,5853,5268,3266
507,30372,P009,2,9612,19224,13649
508,30373,P003,1,6599,6269,3887
509,30374,P005,1,251730,251730,203901
510,30374,P002,1,26206,26206,18082
511,30375,P006,2,39987,79974,58381
512,30376,P005,1,263378,263378,213336
513,30377,P002,1,25343,25343,17487
514,30377,P009,1,9640,9640,6844
515,30377,P007,1,52328,52328,39246
516,30378,P001,2,74925,149850,115384
517,30379,P005,1,245580,233301,188974
518,30379,P004,1,3910,3714,2154
519,30380,P003,4,6191,24764,15354
520,30381,P004,1,3845,3653,2119
521,30382,P010,1,11856,11856,7944
522,30383,P005,1,250269,225242,182446
523,30384,P002,2,25265,50530,34866
524,30385,P010,1,12921,11629,7791
525,30385,P003,3,6486,17512,10857
526,30386,P008,1,19909,19909,13140
527,30386,P006,2,40939,81878,59771
528,30387,P002,2,26735,50796,35049
529,30387,P006,1,39381,37412,27311
530,30388,P007,1,51469,51469,38602
531,30389,P003,2,6500,12350,7657
532,30390,P001,2,82254,156283,120338
533,30391,P005,1,235396,235396,190671
534,30392,P004,2,3793,7055,4092
535,30393,P005,2,245409,476093,385635
536,30393,P004,1,4177,4052,2350
537,30394,P009,3,9845,29535,20970
538,30395,P005,1,256194,243384,197141
539,30396,P007,3,51712,155136,116352
540,30396,P004,1,3724,3724,2160
541,30397,P010,3,12209,35528,23804
542,30398,P004,1,3891,3891,2257
543,30398,P009,3,9507,28521,20250
544,30399,P006,1,39459,39459,28805
545,30400,P004,1,4055,3933,2281
546,30401,P008,2,19607,37253,24587
547,30402,P009,2,10025,18646,13239
548,30403,P008,2,17404,34808,22973
549,30404,P007,1,49635,48146,36110
550,30404,P004,3,4145,12062,6996
551,30405,P006,3,37085,111255,81216
552,30406,P006,1,37097,35984,26268
553,30406,P008,1,19204,18628,12294
554,30407,P004,1,3739,3739,2169
555,30408,P005,1,231369,231369,187409
556,30409,P006,2,40133,74647,54492
557,30410,P003,2,6177,11983,7429
558,30411,P010,3,13404,39006,26134
559,30411,P004,2,4002,7764,4503
560,30412,P002,1,25865,25865,17847
561,30412,P001,1,83217,83217,64077
562,30412,P008,2,17935,35870,23674
563,30413,P010,1,12469,11596,7769
564,30414,P008,1,18523,18523,12225
565,30415,P009,1,9966,9468,6722
566,30416,P002,1,28466,27043,18660
567,30417,P010,1,12370,11752,7874
568,30417,P002,2,25246,47967,33097
569,30418,P005,2,247492,480134,388909
570,30419,P006,1,39480,39480,28820
571,30420,P001,1,75057,72805,56060
572,30421,P009,2,10557,21114,14991
573,30422,P003,2,6424,12463,7727
574,30423,P007,1,54950,54950,41212
575,30423,P001,2,81728,163456,125861
576,30424,P001,1,81885,81885,63051
577,30425,P004,1,4196,4070,2361
578,30426,P002,2,27752,52729,36383
579,30427,P010,1,12503,12503,8377
580,30427,P005,1,248048,248048,200919
581,30428,P003,1,6234,5922,3672
582,30429,P010,1,12252,12252,8209
583,30430,P010,2,11800,21240,14231
584,30430,P006,1,38085,34276,25021
585,30431,P007,1,52968,52968,39726
586,30432,P009,1,9315,8849,6283
587,30433,P008,1,18687,18687,12333
588,30434,P005,2,244275,488550,395726
589,30435,P002,1,26008,24708,17049
590,30435,P007,2,51758,98340,73755
591,30436,P001,1,74793,72549,55863
592,30437,P004,1,4133,4133,2397
593,30437,P007,2,50953,101906,76430
594,30437,P001,2,82227,164454,126630
595,30438,P008,3,19719,56199,37091
596,30439,P004,2,4079,7587,4400
597,30440,P010,3,12078,36234,24277
598,30441,P004,1,3953,3953,2293
599,30442,P008,1,18940,18372,12126
600,30443,P007,3,53924,153683,115262
601,30444,P005,2,257391,514782,416973
602,30445,P001,1,83455,75110,57835
603,30446,P006,1,37543,37543,27406
604,30446,P009,1,10276,10276,7296
605,30446,P003,1,6488,6488,4023
606,30447,P006,3,41534,120864,88231
607,30448,P004,1,3728,3728,2162
608,30449,P004,3,3740,10659,6182
609,30449,P008,4,19968,75878,50079
610,30450,P006,1,40883,39657,28950
611,30451,P003,1,6437,6437,3991
612,30452,P007,3,54846,159602,119702
613,30453,P001,1,83957,78080,60122
614,30454,P010,1,12903,12516,8386
615,30455,P006,2,41300,82600,60298
616,30455,P005,1,232887,232887,188638
617,30455,P001,1,74155,74155,57099
618,30456,P010,2,12187,23643,15841
619,30457,P007,1,52823,50182,37636
620,30458,P001,2,74473,134051,103219
621,30459,P010,3,12570,36579,24508
622,30460,P002,1,25624,24343,16797
623,30461,P002,1,28151,28151,19424
624,30462,P003,1,5851,5441,3373
625,30462,P005,2,231191,430015,348312
626,30463,P005,1,253395,240725,194987
627,30464,P008,3,19094,54418,35916
628,30464,P001,1,78995,75045,57785
629,30465,P004,2,4162,8074,4683
630,30465,P010,1,12351,11980,8027
631,30466,P002,2,25359,50718,34995
632,30467,P002,1,27319,26499,18284
633,30468,P010,1,13083,12167,8152
634,30468,P006,3,38787,108216,78998
635,30469,P005,2,261717,523434,423982
636,30470,P002,1,24949,24201,16699
637,30471,P007,1,49381,47900,35925
638,30471,P004,1,4173,4048,2348
639,30472,P006,2,39501,76632,55941
640,30473,P006,1,36923,36923,26954
641,30473,P002,1,25928,25928,17890
642,30474,P006,1,39698,39698,28980
643,30475,P009,1,9305,9305,6607
644,30476,P009,1,9285,8821,6263
645,30477,P001,1,79967,74369,57264
646,30477,P004,1,4071,3786,2196
647,30478,P006,1,39399,39399,28761
648,30479,P010,2,13165,25014,16759
649,30480,P003,1,6407,6087,3774
650,30481,P010,2,11911,23107,15482
651,30482,P004,1,3894,3777,2191
652,30483,P010,1,13051,12137,8132
653,30484,P006,2,39365,70857,51726
654,30484,P008,2,19044,34279,22624
655,30485,P004,4,3914,15656,9080
656,30486,P007,2,54227,105200,78900
657,30486,P009,1,9650,9360,6646
658,30486,P005,1,261634,253785,205566
659,30487,P002,1,26457,25134,17342
660,30487,P009,2,10438,19832,14081
661,30488,P010,1,12760,12377,8293
662,30489,P001,1,73380,73380,56503
663,30489,P006,4,39903,159612,116517
664,30490,P004,1,3950,3832,2223
665,30491,P005,2,235943,457729,370760
666,30491,P007,1,55346,53686,40264
667,30492,P008,4,17702,67268,44397
668,30492,P007,4,52519,199572,149679
669,30493,P005,2,243915,487830,395142
670,30494,P007,2,53583,103951,77963
671,30495,P008,1,19398,18428,12162
672,30496,P008,1,19039,19039,12566
673,30497,P006,2,40563,81126,59222
674,30498,P003,1,6482,6158,3818
675,30498,P006,1,39522,37546,27409
676,30499,P004,1,3735,3623,2101
677,30500,P002,2,28021,56042,38669
678,30501,P009,1,10055,9753,6925
679,30502,P003,1,6056,6056,3755
680,30503,P005,1,243480,243480,197219
681,30503,P006,1,41645,41645,30401
682,30504,P005,2,235947,457737,370767
683,30505,P005,1,257107,244252,197844
684,30506,P008,1,17827,17827,11766
685,30506,P006,4,40336,161344,117781
686,30507,P002,3,27417,82251,56753
687,30508,P003,1,5887,5475,3394
688,30509,P010,2,12848,23126,15494
689,30510,P003,3,5884,17652,10944
690,30511,P002,2,25114,50228,34657
691,30512,P009,2,10409,20818,14781
692,30513,P009,3,10033,27089,19233
693,30513,P005,1,242726,218453,176947
694,30514,P007,1,54457,52823,39617
695,30515,P004,2,3983,7727,4482
696,30516,P010,1,12699,12699,8508
697,30517,P004,1,4112,4112,2385
698,30518,P007,1,51430,47830,35872
699,30518,P008,2,19842,36906,24358
700,30519,P003,1,6458,6264,3884
701,30520,P009,2,9515,18459,13106
702,30521,P009,2,10141,19268,13680
703,30522,P001,2,77143,143486,110484
704,30523,P006,2,36827,73654,53767
705,30524,P008,1,18067,16260,10732
706,30524,P007,1,51898,46708,35031
707,30525,P006,1,37000,37000,27010
708,30526,P003,1,5853,5560,3447
709,30527,P005,1,260895,260895,211325
710,30528,P006,2,40782,79117,57755
711,30528,P005,1,233450,226446,183421
712,30529,P009,1,9891,9594,6812
713,30529,P002,1,26290,25501,17596
714,30530,P005,4,254590,1018360,824872
715,30531,P007,1,48927,47459,35594
716,30532,P003,1,6644,6644,4119
717,30533,P006,2,41027,79592,58102
718,30534,P010,2,13113,26226,17571
719,30535,P006,2,41299,76816,56076
720,30536,P008,2,18024,32443,21412
721,30537,P003,1,6031,5609,3478
722,30537,P008,1,19705,18326,12095
723,30538,P002,1,27439,25518,17607
724,30539,P006,1,39111,39111,28551
725,30540,P008,1,18508,17583,11605
726,30540,P004,1,4156,3948,2290
727,30541,P008,1,17510,16634,10978
728,30541,P006,2,40757,77438,56530
729,30542,P002,1,26760,24887,17172
730,30543,P005,1,234944,227896,184596
731,30544,P002,2,27685,55370,38205
732,30545,P008,3,17427,48621,32090
733,30546,P008,2,19944,37096,24483
734,30547,P001,1,77562,77562,59723
735,30548,P010,2,13089,26178,17539
736,30549,P007,3,55995,151186,113390
737,30550,P003,1,5940,5346,3315
738,30550,P007,1,50136,45122,33842
739,30551,P009,3,9952,27766,19714
740,30552,P003,3,6084,18252,11316
741,30553,P005,1,231328,231328,187376
742,30553,P006,2,37404,74808,54610
743,30554,P005,1,262903,236613,191657
744,30555,P005,1,242291,235022,190368
745,30556,P010,1,12116,11510,7712
746,30557,P007,1,51153,51153,38365
747,30558,P006,1,41360,39292,28683
748,30559,P009,1,9727,8754,6215
749,30560,P005,1,245984,245984,199247
750,30561,P007,1,54231,48808,36606
751,30562,P006,1,37563,34934,25502
752,30562,P007,1,55855,51945,38959
753,30563,P009,1,10489,9965,7075
754,30564,P009,1,10302,10302,7314
755,30565,P005,1,257495,249770,202314
756,30566,P007,2,54852,109704,82278
757,30567,P004,2,4138,8028,4656
758,30568,P001,1,80334,76317,58764
759,30569,P006,1,39607,35646,26022
760,30570,P006,2,40036,80072,58453
761,30570,P003,3,6305,18915,11727
762,30571,P009,2,10296,20592,14620
763,30572,P008,1,19794,19200,12672
764,30573,P003,1,6654,6654,4125
765,30574,P002,1,26122,26122,18024
766,30575,P003,1,6085,5902,3659
767,30575,P001,1,78095,75752,58329
768,30576,P001,1,81255,81255,62566
769,30577,P002,2,28242,56484,38974
770,30577,P005,1,255386,255386,206863
771,30578,P010,1,12134,11527,7723
772,30579,P007,1,54981,54981,41236
773,30579,P010,1,12280,12280,8228
774,30580,P009,1,10214,9703,6889
775,30581,P004,4,4012,14925,8657
776,30581,P003,1,6654,6188,3837
777,30582,P002,3,25781,77343,53367
778,30583,P010,2,12361,24722,16564
779,30584,P007,2,53137,106274,79706
780,30584,P008,1,18968,18968,12519
781,30584,P004,1,4176,4176,2422
782,30585,P007,1,53694,53694,40270
783,30585,P003,1,5967,5967,3700
784,30586,P010,1,11875,11519,7718
785,30587,P007,1,53234,51637,38728
786,30587,P001,1,80465,78051,60099
787,30588,P002,1,26034,25253,17425
788,30589,P008,1,19490,18126,11963
789,30590,P005,2,246289,458098,371059
790,30590,P008,1,18621,17318,11430
791,30591,P010,2,12890,23202,15545
792,30591,P009,2,9891,17804,12641
793,30591,P005,2,251504,452707,366693
794,30592,P010,1,12159,12159,8147
795,30593,P010,1,13216,13216,8855
796,30594,P009,1,10326,9603,6818
797,30595,P010,4,12796,51184,34293
798,30595,P001,1,73367,73367,56493
799,30596,P009,1,9283,9005,6394
800,30597,P009,3,10029,30087,21362
801,30598,P002,1,26443,26443,18246
802,30599,P002,2,24915,49830,34383
803,30600,P005,2,234524,469048,379929
804,30601,P001,2,79793,151607,116737
805,30602,P002,2,28568,57136,39424
806,30603,P004,2,3937,7874,4567
807,30603,P007,1,49323,49323,36992
808,30604,P004,3,4153,11587,6720
809,30605,P007,1,50995,48445,36334
810,30606,P006,1,40785,38746,28285
811,30607,P008,2,19299,36668,24201
812,30608,P010,1,13046,12394,8304
813,30608,P002,1,27784,26395,18213
814,30609,P002,1,26741,25404,17529
815,30610,P004,1,4188,4188,2429
816,30610,P009,1,10196,10196,7239
817,30611,P003,1,6207,5773,3579
818,30611,P001,1,81736,76014,58531
819,30612,P006,1,40490,39275,28671
820,30612,P002,1,25059,24307,16772
821,30613,P006,1,39017,37066,27058
822,30614,P008,2,18546,37092,24481
823,30615,P004,1,4118,3912,2269
824,30616,P004,1,4171,3879,2250
825,30617,P009,1,9897,9600,6816
826,30618,P006,1,39927,39927,29147
827,30618,P004,1,3887,3887,2254
828,30619,P001,1,82431,79958,61568
829,30620,P008,1,19454,18870,12454
830,30621,P010,1,11968,11130,7457
831,30622,P010,2,11806,22431,15029
832,30622,P006,2,39013,74125,54111
833,30623,P010,2,12998,25996,17417
834,30624,P008,3,18350,55050,36333
835,30625,P006,2,39958,75920,55422
836,30625,P007,1,50191,47681,35761
837,30626,P010,2,13253,26506,17759
838,30626,P003,1,6150,6150,3813
839,30627,P005,1,243777,243777,197459
840,30628,P006,1,36773,35670,26039
841,30629,P003,1,6308,6308,3911
842,30630,P010,1,12817,12432,8329
843,30631,P010,3,12364,35237,23609
844,30631,P008,3,18375,52369,34564
845,30632,P009,2,9676,19352,13740
846,30632,P006,1,40544,40544,29597
847,30632,P007,1,51222,51222,38416
848,30633,P010,2,12333,24666,16526
849,30634,P004,1,3698,3587,2080
850,30635,P006,2,40291,74941,54707
851,30635,P001,4,74756,278092,214131
852,30635,P010,2,13013,24204,16217
853,30636,P010,3,12192,36576,24506
854,30637,P007,1,50598,50598,37948
855,30638,P006,1,38736,36024,26298
856,30639,P008,1,18839,18839,12434
857,30640,P010,3,13311,39933,26755
858,30641,P010,1,12295,12295,8238
859,30641,P005,3,244534,733602,594218
860,30642,P005,1,246718,229448,185853
861,30643,P008,2,19661,39322,25953
862,30643,P006,2,39837,79674,58162
863,30644,P004,3,3715,10811,6270
864,30645,P004,1,3763,3575,2074
865,30645,P009,1,9682,9198,6531
866,30646,P007,1,51127,48571,36428
867,30647,P007,1,49802,46316,34737
868,30648,P001,2,76633,145603,112114
869,30649,P002,1,27914,25960,17912
870,30650,P007,1,52245,52245,39184
871,30651,P008,1,18795,17855,11784
872,30652,P008,1,18915,18348,12110
873,30652,P010,1,11797,11443,7667
874,30653,P006,1,39667,39667,28957
875,30654,P004,2,4114,7652,4438
876,30655,P004,1,3820,3629,2105
877,30656,P007,2,50679,91222,68416
878,30657,P004,2,4000,7760,4501
879,30658,P002,2,27493,52237,36044
880,30659,P008,2,19598,38020,25093
881,30660,P005,1,253116,253116,205024
882,30661,P006,1,39144,37187,27147
883,30661,P002,2,26211,49801,34363
884,30662,P003,2,6140,11912,7385
885,30663,P004,1,3946,3828,2220
886,30664,P003,4,6455,25045,15528
887,30665,P010,1,13376,13376,8962
888,30665,P008,1,19217,19217,12683
889,30666,P006,1,41254,40016,29212
890,30666,P008,1,19632,19043,12568
891,30667,P001,1,79018,75067,57802
892,30668,P005,1,261850,235665,190889
893,30669,P006,1,41230,41230,30098
894,30670,P008,1,19627,19038,12565
895,30670,P001,3,81436,236979,182474
896,30671,P006,2,41062,79660,58152
897,30672,P007,1,53094,50439,37829
898,30672,P009,1,9832,9340,6631
899,30673,P005,1,253717,253717,205511
900,30674,P009,1,9690,9690,6880
901,30675,P005,1,246734,229463,185865
902,30675,P003,3,6037,16843,10443
903,30676,P006,1,40368,36331,26522
904,30676,P005,1,236217,212595,172202
905,30676,P007,1,51879,46691,35018
906,30677,P002,1,26721,25919,17884
907,30678,P002,1,27602,27602,19045
908,30678,P006,1,37469,37469,27352
909,30679,P001,1,76028,73747,56785
910,30680,P003,4,6478,24616,15262
911,30681,P007,1,50357,47839,35879
912,30682,P007,1,49253,49253,36940
913,30683,P004,1,4194,4194,2433
914,30684,P003,3,6496,18124,11237
915,30685,P008,2,18108,36216,23903
916,30686,P005,2,241744,483488,391625
917,30687,P004,1,3973,3854,2235
918,30687,P003,2,5895,11436,7090
919,30688,P004,2,3742,7110,4124
920,30689,P003,1,6586,6586,4083
921,30689,P001,1,74263,74263,57183
922,30690,P007,3,53612,160836,120627
923,30691,P010,4,12260,47569,31871
924,30692,P004,1,3897,3897,2260
925,30693,P003,1,6499,6174,3828
926,30693,P009,1,9394,8924,6336
927,30694,P004,2,3782,7564,4387
928,30694,P009,4,9794,39176,27815
929,30695,P009,1,10512,9986,7090
930,30696,P003,2,6030,11698,7253
931,30697,P004,2,3790,7580,4396
932,30698,P010,1,12487,11863,7948
933,30698,P002,1,26357,25039,17277
934,30699,P005,3,232032,696096,563838
935,30699,P008,1,17545,17545,11580
936,30700,P003,2,5974,11112,6889
937,30700,P001,1,79082,73546,56630
938,30701,P008,1,18495,17570,11596
939,30701,P007,4,55303,210151,157613
940,30702,P004,2,4171,8342,4838
941,30703,P001,1,83609,75248,57941
942,30704,P002,2,27029,54058,37300
943,30705,P002,1,28251,26273,18128
944,30705,P004,1,3994,3714,2154
945,30705,P007,1,49343,45889,34417
946,30706,P003,2,6489,12978,8046
947,30706,P001,2,80324,160648,123699
948,30707,P003,1,6408,6216,3854
949,30708,P005,1,234332,217929,176522
950,30709,P001,2,80252,160504,123588
951,30710,P003,1,6438,6438,3992
952,30710,P005,2,243856,487712,395047
953,30711,P008,3,17886,49902,32935
954,30712,P005,1,260462,260462,210974
955,30713,P009,1,9500,8835,6273
956,30713,P003,4,6696,24909,15444
957,30713,P005,1,254177,236385,191472
958,30714,P009,1,10016,10016,7111
959,30715,P007,1,51844,51844,38883
960,30716,P007,4,49466,197864,148398
961,30717,P004,1,3860,3474,2015
962,30717,P008,2,18397,33115,21856
963,30718,P009,4,10019,37271,26462
964,30719,P010,1,12163,12163,8149
965,30720,P002,1,26625,25826,17820
966,30721,P009,1,10175,9666,6863
967,30722,P004,2,3680,7360,4269
968,30722,P008,1,19226,19226,12689
969,30723,P010,1,11819,11819,7919
970,30724,P005,1,244912,244912,198379
971,30724,P003,2,6626,13252,8216
972,30724,P010,2,11760,23520,15758
973,30725,P006,2,39789,79578,58092
974,30726,P008,1,17666,15899,10493
975,30727,P001,2,77592,155184,119492
976,30728,P009,2,9434,18868,13396
977,30729,P007,1,49899,47404,35553
978,30730,P008,1,19938,19938,13159
979,30731,P001,1,74925,72677,55961
980,30731,P002,1,25079,24327,16786
981,30732,P009,1,9293,9014,6400
982,30732,P010,1,12600,12222,8189
983,30732,P008,1,17500,16975,11203
984,30733,P003,2,6150,12300,7626
985,30733,P004,1,4146,4146,2405
986,30734,P004,1,3745,3558,2064
987,30735,P002,1,27327,27327,18856
988,30736,P006,1,40149,38142,27844
989,30736,P004,3,3849,10970,6363
990,30736,P007,1,49896,47401,35551
991,30737,P010,1,13115,12459,8348
992,30737,P002,1,28596,27166,18745
993,30738,P006,2,41574,83148,60698
994,30739,P008,2,17964,34850,23001
995,30740,P005,1,232390,232390,188236
996,30740,P002,1,26909,26909,18567
997,30740,P006,1,36921,36921,26952
998,30741,P010,1,11822,11822,7921
999,30741,P007,3,49817,149451,112088
1000,30742,P003,1,6604,6142,3808
1001,30743,P002,1,25930,25930,17892
1002,30744,P001,1,82449,78327,60312
1003,30744,P004,1,3669,3486,2022
1004,30744,P007,1,53044,50392,37794
1005,30745,P005,1,253002,240352,194685
1006,30745,P003,1,5944,5647,3501
1007,30746,P002,2,25339,49158,33919
1008,30746,P001,1,81614,79166,60958
1009,30747,P010,1,13415,13415,8988
1010,30748,P010,1,12563,12186,8165
1011,30748,P004,1,4131,4007,2324
1012,30749,P004,1,4176,4176,2422
1013,30749,P002,1,28212,28212,19466
1014,30750,P007,1,56134,56134,42100
1015,30751,P003,3,6465,19395,12025
1016,30751,P009,2,10372,20744,14728
1017,30752,P002,1,25276,25276,17440
1018,30753,P001,1,84205,79995,61596
1019,30754,P001,1,83033,77221,59460
1020,30755,P002,2,28330,53827,37141
1021,30755,P004,1,4066,3863,2241
1022,30755,P009,1,9900,9405,6678
1023,30756,P003,2,6153,11937,7401
1024,30757,P009,2,10457,18823,13364
1025,30758,P010,2,12045,22886,15334
1026,30759,P010,1,12785,12785,8566
1027,30760,P001,1,81796,77706,59834
1028,30761,P008,2,19630,36512,24098
1029,30761,P001,1,73468,68325,52610
1030,30762,P006,1,37082,37082,27070
1031,30763,P008,1,19785,19191,12666
1032,30763,P003,1,5899,5722,3548
1033,30763,P006,2,41759,81012,59139
1034,30764,P007,1,51285,51285,38464
1035,30764,P005,1,241027,241027,195232
1036,30765,P002,1,26762,25424,17543
1037,30765,P009,1,9585,9106,6465
1038,30765,P004,3,3738,10653,6179
1039,30766,P006,1,41746,38824,28342
1040,30766,P009,3,9501,26508,18821
1041,30767,P007,2,49687,89437,67078
1042,30768,P005,1,251341,251341,203586
1043,30769,P004,2,3915,7830,4541
1044,30770,P006,1,40114,38911,28405
1045,30771,P002,1,27910,27910,19258
1046,30771,P009,1,10225,10225,7260
1047,30771,P010,3,13269,39807,26671
1048,30772,P006,1,36992,35142,25654
1049,30772,P009,2,9520,18088,12842
1050,30773,P001,1,77832,73940,56934
1051,30774,P008,1,18720,16848,11120
1052,30775,P009,1,10324,10014,7110
1053,30775,P010,1,13379,12978,8695
1054,30775,P003,1,6223,6036,3742
1055,30776,P007,2,50264,97512,73134
1056,30776,P005,1,256380,248689,201438
1057,30777,P010,2,12139,24278,16266
1058,30777,P001,1,80457,80457,61952
1059,30778,P010,1,12183,11330,7591
1060,30778,P003,3,5876,16394,10164
1061,30779,P010,1,13129,13129,8796
1062,30780,P005,1,236876,229770,186114
1063,30781,P009,3,9405,26240,18630
1064,30781,P005,2,237641,442012,358030
1065,30782,P008,1,18928,17603,11618
1066,30783,P004,1,3967,3967,2301
1067,30784,P001,1,77335,77335,59548
1068,30785,P008,1,18576,18019,11893
1069,30786,P006,1,37922,36026,26299
1070,30786,P010,1,12148,11541,7732
1071,30786,P001,2,76838,145992,112414
1072,30787,P001,1,76953,73105,56291
1073,30788,P008,1,18203,18203,12014
1074,30789,P007,1,56009,56009,42007
1075,30789,P005,1,258110,258110,209069
1076,30789,P004,1,4143,4143,2403
1077,30790,P006,1,39868,37077,27066
1078,30790,P001,1,83166,77344,59555
1079,30791,P006,2,39858,79716,58193
1080,30792,P008,3,18936,55104,36369
1081,30793,P010,1,12101,11738,7864
1082,30794,P010,1,13101,13101,8778
1083,30795,P007,1,50738,50738,38054
1084,30796,P003,1,6665,6332,3926
1085,30797,P008,1,19057,17723,11697
1086,30798,P008,1,18523,17967,11858
1087,30799,P005,2,243224,462126,374322
1088,30800,P008,1,19363,18008,11885
1089,30801,P004,1,3940,3743,2171
1090,30802,P004,2,3775,7550,4379
1091,30803,P002,2,25911,49231,33969
1092,30804,P007,2,54365,105468,79101
1093,30804,P004,3,4096,11919,6913
1094,30805,P010,1,12268,11655,7809
1095,30806,P002,1,26579,25250,17422
1096,30806,P010,1,13382,12713,8518
1097,30807,P008,3,18787,53543,35338
1098,30808,P010,1,11994,11994,8036
1099,30808,P001,1,83823,83823,64544
1100,30809,P008,1,18278,18278,12063
1101,30809,P001,1,78722,78722,60616
1102,30809,P003,1,6646,6646,4121
1103,30810,P002,1,25810,25810,17809
1104,30810,P001,1,83083,83083,63974
1105,30811,P005,1,253509,253509,205342
1106,30812,P001,1,79297,73746,56784
1107,30812,P009,1,9303,8652,6143
1108,30812,P008,1,19427,18067,11924
1109,30813,P002,2,25862,51724,35690
1110,30814,P002,1,25309,24044,16590
1111,30815,P008,1,17671,17141,11313
1112,30816,P007,3,55358,157770,118328
1113,30817,P005,1,253580,240901,195130
1114,30818,P001,1,82373,79902,61525
1115,30819,P008,1,19287,18323,12093
1116,30819,P006,2,39032,74161,54138
1117,30820,P010,2,11934,22675,15192
1118,30820,P007,1,52115,49509,37132
1119,30821,P007,2,52036,93665,70249
1120,30822,P004,1,3782,3404,1974
1121,30822,P001,1,81778,73600,56672
1122,30823,P008,1,17639,17639,11642
1123,30824,P008,2,19355,36000,23760
1124,30825,P008,3,18430,52526,34667
1125,30826,P004,1,4096,3973,2304
1126,30827,P010,1,13020,13020,8723
1127,30827,P008,1,18079,18079,11932
1128,30828,P005,1,238240,238240,192974
1129,30829,P003,1,5975,5676,3519
1130,30830,P007,2,54569,105864,79398
1131,30831,P005,1,232753,221115,179103
1132,30832,P004,1,3725,3725,2161
1133,30833,P009,2,10535,19595,13912
1134,30833,P003,1,6349,5905,3661
1135,30834,P008,1,17695,16456,10861
1136,30835,P008,2,19979,37161,24526
1137,30836,P004,1,4093,3970,2303
1138,30836,P009,1,9264,8986,6380
1139,30836,P006,1,40321,39111,28551
1140,30837,P010,1,12360,12360,8281
1141,30838,P001,1,77975,72517,55838
1142,30839,P009,1,10016,9716,6898
1143,30840,P008,2,18193,36386,24015
1144,30841,P003,1,6115,6115,3791
1145,30842,P001,2,81278,162556,125168
1146,30843,P007,1,51546,48969,36727
1147,30843,P008,1,17638,16756,11059
1148,30844,P007,2,50690,94283,70712
1149,30845,P008,2,18675,36230,23912
1150,30846,P004,1,4160,4160,2413
1151,30846,P003,1,6132,6132,3802
1152,30846,P005,1,259443,259443,210149
1153,30847,P002,1,27389,25472,17576
1154,30847,P001,1,77128,71729,55231
1155,30848,P005,2,239765,465144,376767
1156,30848,P001,1,75372,73111,56295
1157,30848,P007,1,55369,53708,40281
1158,30849,P005,1,249041,236589,191637
1159,30850,P009,1,10314,10314,7323
1160,30850,P005,2,234232,468464,379456
1161,30851,P007,1,49759,49759,37319
1162,30852,P010,2,12024,24048,16112
1163,30853,P002,1,28573,27716,19124
1164,30853,P006,1,36950,35842,26165
1165,30854,P010,2,12190,23161,15518
1166,30855,P009,1,9252,8974,6372
1167,30855,P007,1,49896,48399,36299
1168,30855,P008,1,17449,16926,11171
1169,30856,P005,1,241828,241828,195881
1170,30856,P003,1,6655,6655,4126
1171,30857,P008,1,19836,18844,12437
1172,30858,P008,2,17691,34321,22652
1173,30859,P005,2,249120,483293,391467
1174,30860,P006,2,37100,71974,52541
1175,30861,P005,1,242851,242851,196709
1176,30862,P005,1,232384,225412,182584
1177,30862,P010,1,13128,12734,8532
1178,30863,P008,1,18906,18906,12478
1179,30864,P003,1,6626,6162,3820
1180,30865,P004,1,4043,3760,2181
1181,30866,P010,1,12100,11495,7702
1182,30867,P005,2,245673,476606,386051
1183,30867,P002,3,28286,82312,56795
1184,30868,P008,2,18735,37470,24730
1185,30869,P006,1,39393,36635,26744
1186,30870,P005,2,242087,484174,392181
1187,30871,P001,1,76573,71213,54834
1188,30872,P007,1,55536,53870,40402
1189,30872,P002,1,25144,24390,16829
1190,30873,P003,2,5913,11826,7332
1191,30873,P004,1,4141,4141,2402
1192,30873,P008,1,17750,17750,11715
1193,30874,P008,1,18485,18485,12200
1194,30875,P009,2,9716,18460,13107
1195,30875,P001,1,74450,70728,54461
1196,30875,P003,1,6402,6082,3771
1197,30876,P007,1,55484,51600,38700
1198,30877,P006,1,36864,33178,24220
1199,30878,P003,2,5934,11512,7137
1200,30879,P004,2,3713,7055,4092
1201,30880,P004,2,4085,7598,4407
1202,30881,P008,1,18474,16627,10974
1203,30881,P010,1,12483,11235,7527
1204,30882,P007,2,54703,101748,76311
1205,30882,P006,1,38559,35860,26178
1206,30883,P007,1,49123,45684,34263
1207,30883,P002,3,27422,76507,52790
1208,30884,P009,1,9470,8807,6253
1209,30885,P007,2,55832,111664,83748
1210,30886,P007,2,55772,108198,81148
1211,30887,P008,1,18431,18431,12164
1212,30887,P003,1,6170,6170,3825
1213,30888,P002,1,26494,25699,17732
1214,30888,P005,1,249113,241640,195728
1215,30888,P004,1,3986,3866,2242
1216,30889,P009,3,10478,29234,20756
1217,30890,P001,1,79542,71588,55123
1218,30890,P005,1,232303,209073,169349
1219,30891,P006,1,40590,39372,28742
1220,30892,P003,2,6006,12012,7447
1221,30893,P002,1,27309,27309,18843
1222,30893,P006,2,38727,77454,56541
1223,30894,P010,2,11977,21559,14445
1224,30894,P001,2,74673,134411,103496
1225,30895,P002,1,26445,25123,17335
1226,30896,P001,1,83160,74844,57630
1227,30897,P009,2,9765,18163,12896
1228,30897,P002,1,25204,23440,16174
1229,30898,P010,2,13333,26666,17866
1230,30899,P008,2,18847,35055,23136
1231,30900,P006,2,39494,76618,55931
1232,30900,P008,4,19979,77519,51163
1233,30901,P008,1,19335,18755,12378
1234,30902,P004,1,4160,4160,2413
1235,30902,P005,1,263864,263864,213730
1236,30903,P008,1,18774,18774,12391
1237,30904,P003,1,6341,5897,3656
1238,30904,P001,1,81043,75370,58035
1239,30905,P008,1,19680,18696,12339
1240,30906,P001,1,80441,80441,61940
1241,30907,P003,1,6442,5798,3595
1242,30908,P005,1,252298,234637,190056
1243,30909,P007,1,54380,51661,38746
1244,30909,P002,1,28418,26997,18628
1245,30910,P003,2,6473,12946,8027
1246,30911,P002,3,27159,79033,54533
1247,30911,P003,1,5874,5698,3533
1248,30912,P007,2,54450,108900,81675
1249,30912,P002,2,25264,50528,34864
1250,30912,P004,1,4032,4032,2339
1251,30913,P010,1,12800,12160,8147
1252,30914,P001,1,78805,76441,58860
1253,30915,P001,1,77195,77195,59440
1254,30916,P005,1,243586,231407,187440
1255,30916,P007,1,50288,47774,35830
1256,30916,P009,1,9752,9264,6577
1257,30917,P002,1,27766,24989,17242
1258,30918,P006,2,37181,74362,54284
1259,30919,P009,3,9590,27907,19814
1260,30920,P009,2,9227,17900,12709
1261,30921,P009,3,9999,26997,19168
1262,30922,P010,1,12426,11805,7909
1263,30923,P004,1,3985,3865,2242
1264,30923,P003,1,6401,6209,3850
1265,30924,P009,1,9488,8824,6265
1266,30925,P007,1,50616,50616,37962
1267,30925,P004,1,3784,3784,2195
1268,30925,P003,2,6645,13290,8240
1269,30926,P002,2,27527,53402,36847
1270,30927,P002,2,25641,51282,35385
1271,30928,P005,1,262941,262941,212982
1272,30928,P007,2,54490,108980,81735
1273,30928,P003,1,6162,6162,3820
1274,30929,P002,1,28560,27132,18721
1275,30929,P004,2,4076,7744,4492
1276,30930,P007,2,50391,100782,75586
1277,30930,P008,2,18205,36410,24031
1278,30931,P008,1,19131,17792,11743
1279,30931,P002,1,27840,25891,17865
1280,30932,P003,1,5930,5634,3493
1281,30933,P007,1,54478,50665,37999
1282,30934,P001,1,79894,75899,58442
1283,30935,P002,1,26424,25631,17685
1284,30936,P005,2,238406,476812,386218
1285,30937,P002,3,26162,74562,51448
1286,30938,P005,1,255089,242335,196291
1287,30939,P007,2,53142,98844,74133
1288,30940,P007,3,49009,136735,102551
1289,30941,P001,1,81990,76251,58713
1290,30942,P004,1,4032,4032,2339
1291,30943,P008,2,18383,35663,23538
1292,30944,P008,3,18178,52898,34913
1293,30945,P001,2,78556,157112,120976
1294,30946,P004,2,4139,7699,4465
1295,30947,P004,1,4078,4078,2365
1296,30947,P008,2,18173,36346,23988
1297,30948,P009,4,9489,35299,25062
1298,30949,P002,1,27630,26801,18493
1299,30950,P010,1,12810,12426,8325
1300,30951,P008,3,17418,52254,34488
1301,30951,P007,1,55185,55185,41389
1302,30952,P006,1,38152,36244,26458
1303,30952,P010,1,12025,11424,7654
1304,30952,P001,1,77078,73224,56382
1305,30953,P006,2,37351,69473,50715
1306,30954,P004,1,3847,3847,2231
1307,30955,P003,2,6624,13248,8214
1308,30956,P010,1,12539,12539,8401
1309,30957,P006,3,38079,110810,80891
1310,30958,P001,3,76681,213940,164734
1311,30959,P005,1,243316,218984,177377
1312,30960,P007,3,50350,151050,113288
1313,30961,P006,2,37345,74690,54524
1314,30961,P004,1,3779,3779,2192
1315,30962,P004,1,3968,3571,2071
1316,30963,P009,1,9362,9081,6448
1317,30964,P007,1,54875,54875,41156
1318,30964,P008,2,17562,35124,23182
1319,30964,P002,2,26711,53422,36861
1320,30965,P009,2,9752,19504,13848
1321,30966,P006,1,37279,35415,25853
1322,30967,P008,1,17656,17656,11653
1323,30968,P007,1,52932,51344,38508
1324,30969,P002,2,26882,51076,35242
1325,30970,P004,1,3678,3494,2027
1326,30971,P004,1,3939,3939,2285
1327,30972,P008,3,17575,52725,34798
1328,30973,P003,1,5831,5831,3615
1329,30974,P004,1,3821,3706,2149
1330,30975,P006,1,41167,39932,29150
1331,30976,P001,1,73482,69808,53752
1332,30976,P002,3,28316,80701,55684
1333,30977,P010,1,13382,12445,8338
1334,30977,P006,3,40388,112683,82259
1335,30978,P010,1,12370,12370,8288
1336,30978,P009,1,9691,9691,6881
1337,30978,P007,2,53459,106918,80188
1338,30979,P002,1,26304,26304,18150
1339,30980,P007,1,55833,54158,40618
1340,30981,P004,1,3875,3681,2135
1341,30982,P007,1,52977,52977,39733
1342,30983,P004,1,3948,3553,2061
1343,30984,P009,2,9781,18975,13472
1344,30985,P009,2,9822,19644,13947
1345,30985,P004,1,4084,4084,2369
1346,30986,P008,1,18153,16882,11142
1347,30987,P008,1,17816,17282,11406
1348,30988,P002,1,27231,25869,17850
1349,30988,P006,1,40107,38102,27814
1350,30989,P009,1,10562,9506,6749
1351,30990,P003,2,5999,11998,7439
1352,30990,P010,1,13320,13320,8924
1353,30991,P004,4,4160,15475,8976
1354,30992,P004,1,3687,3576,2074
1355,30993,P003,1,6525,6525,4046
1356,30993,P004,1,4101,4101,2379
1357,30994,P010,2,12690,24619,16495
1358,30994,P002,1,28376,27525,18992
1359,30995,P006,1,39862,39862,29099
1360,30996,P002,1,27095,26282,18135
1361,30997,P003,1,6277,5963,3697
1362,30998,P005,2,257748,489721,396674
1363,30999,P005,1,263331,244898,198367
1364,31000,P004,2,3863,7726,4481
1365,31001,P003,2,6343,12686,7865
1366,31002,P010,1,11908,11908,7978
1367,31003,P001,1,76295,76295,58747
1368,31004,P001,1,77649,73767,56801
1369,31004,P005,1,246283,233969,189515
1370,31005,P003,4,5913,22469,13931
1371,31006,P007,1,53386,51784,38838
1372,31007,P001,1,79877,79877,61505
1373,31008,P008,1,18365,18365,12121
1374,31008,P003,1,5953,5953,3691
1375,31009,P006,1,37525,37525,27393
1376,31009,P004,1,3986,3986,2312
1377,31010,P007,1,50471,45424,34068
1378,31011,P005,1,253475,253475,205315
1379,31012,P007,1,53072,53072,39804
1380,31013,P002,1,27288,25924,17888
1381,31013,P004,1,3748,3561,2065
1382,31014,P002,3,28348,79091,54573
1383,31015,P005,1,253288,227959,184647
1384,31015,P008,3,17984,48557,32048
1385,31016,P002,1,26871,26871,18541
1386,31017,P009,1,10466,10466,7431
1387,31018,P006,2,38882,77764,56768
1388,31019,P002,1,27668,25731,17754
1389,31020,P005,1,256006,256006,207365
1390,31021,P005,3,258166,735773,595976
1391,31022,P010,1,13316,12917,8654
1392,31023,P009,1,10383,9345,6635
1393,31024,P003,1,6319,6003,3722
1394,31024,P004,2,4143,7872,4566
1395,31024,P006,1,40192,38182,27873
1396,31025,P003,2,5959,11322,7020
1397,31025,P010,1,12529,11903,7975
1398,31026,P009,2,10571,21142,15011
1399,31026,P002,2,27699,55398,38225
1400,31026,P001,2,82784,165568,127487
1401,31027,P005,2,259726,493479,399718
1402,31028,P005,1,244711,232475,188305
1403,31029,P003,1,5894,5305,3289
1404,31030,P004,3,4112,12336,7155
1405,31031,P002,1,27436,27436,18931
1406,31032,P003,2,6233,12092,7497
1407,31033,P004,1,4056,4056,2352
1408,31034,P003,2,6316,12000,7440
1409,31035,P003,1,5945,5350,3317
1410,31036,P010,1,12946,12946,8674
1411,31036,P006,1,37163,37163,27129
1412,31037,P001,3,78800,236400,182028
1413,31038,P001,1,76336,72519,55840
1414,31039,P007,3,49744,144755,108566
1415,31039,P006,1,40671,39451,28799
1416,31040,P008,1,18270,18270,12058
1417,31041,P007,3,50747,152241,114181
1418,31041,P002,1,25557,25557,17634
1419,31042,P007,1,53095,47786,35840
1420,31043,P006,1,40793,37937,27694
1421,31044,P002,1,25869,24576,16957
1422,31044,P006,2,41730,79287,57880
1423,31044,P008,1,17866,16973,11202
1424,31045,P009,3,10091,30273,21494
1425,31046,P009,2,10209,19805,14062
1426,31047,P007,1,53934,53934,40450
1427,31047,P010,1,12825,12825,8593
1428,31048,P002,1,26099,26099,18008
1429,31048,P006,2,41923,83846,61208
1430,31048,P004,1,4068,4068,2359
1431,31049,P006,1,38500,36575,26700
1432,31050,P009,1,10425,9904,7032
1433,31050,P004,2,3883,7378,4279
1434,31051,P006,2,40820,79191,57809
1435,31052,P005,1,248147,248147,200999
1436,31053,P007,1,51072,49540,37155
1437,31054,P001,1,78232,74320,57226
1438,31055,P008,1,19245,17898,11813
1439,31056,P010,1,13326,13326,8928
1440,31056,P007,1,55191,55191,41393
1441,31057,P010,1,13174,11857,7944
1442,31058,P009,1,10042,9540,6773
1443,31059,P006,1,39911,38714,28261
1444,31059,P007,2,52794,102420,76815
1445,31060,P002,1,26513,25718,17745
1446,31061,P003,4,6473,25892,16053
1447,31062,P002,4,26608,103239,71235
1448,31063,P009,1,10146,10146,7204
1449,31063,P004,4,3799,15196,8814
1450,31064,P008,2,18404,35704,23565
1451,31065,P006,1,38433,38433,28056
1452,31066,P001,2,77913,155826,119986
1453,31067,P010,1,12922,12017,8051
1454,31068,P006,1,41866,39773,29034
1455,31069,P004,1,3807,3617,2098
1456,31069,P008,1,19254,18291,12072
1457,31070,P003,3,5945,17835,11058
1458,31071,P003,1,5921,5329,3304
1459,31072,P002,2,27708,53754,37090
1460,31073,P001,4,76954,298582,229908
1461,31073,P002,2,28231,54768,37790
1462,31074,P004,1,3921,3803,2206
1463,31075,P003,1,6506,6506,4034
1464,31076,P010,2,12679,24597,16480
1465,31076,P008,1,19854,19258,12710
1466,31077,P003,1,6087,5783,3585
1467,31077,P001,2,84157,159898,123121
1468,31078,P010,1,13191,12268,8220
1469,31079,P010,1,12601,12223,8189
1470,31080,P006,2,39931,79862,58299
1471,31081,P007,3,51399,146487,109865
1472,31081,P010,2,12514,23777,15931
1473,31082,P002,1,26760,25422,17541
1474,31083,P002,2,25064,47622,32859
1475,31083,P004,2,4136,7858,4558
1476,31083,P001,3,77584,221114,170258
1477,31084,P005,1,256925,256925,208109
1478,31084,P007,1,53668,53668,40251
1479,31085,P010,1,12722,12340,8268
1480,31086,P009,1,9350,9070,6440
1481,31087,P009,2,9672,19344,13734
1482,31088,P002,1,27230,26413,18225
1483,31088,P008,1,18249,17702,11683
1484,31089,P001,1,74780,72537,55853
1485,31090,P008,1,19432,17489,11543
1486,31091,P008,2,17481,34962,23075
1487,31092,P009,1,10572,10572,7506
1488,31093,P002,1,25022,23270,16056
1489,31094,P007,1,53514,50838,38128
1490,31095,P009,1,10582,10582,7513
1491,31096,P005,1,242859,235573,190814
1492,31097,P001,2,84080,168160,129483
1493,31097,P008,3,17531,52593,34711
1494,31097,P005,1,260587,260587,211075
1495,31098,P002,1,26751,24076,16612
1496,31099,P008,1,18397,18397,12142
1497,31100,P009,2,9938,19876,14112
1498,31101,P009,2,10452,20904,14842
1499,31102,P003,1,6002,5822,3610
1500,31103,P007,1,55556,50000,37500
1501,31104,P006,1,41656,40406,29496
1502,31105,P010,1,13341,13341,8938
1503,31106,P004,2,3891,7782,4514
1504,31107,P006,1,40895,40895,29853
1505,31108,P005,1,239574,239574,194055
1506,31109,P008,4,17472,66394,43820
1507,31110,P008,1,18856,17913,11823
1508,31111,P004,3,4072,12216,7085
1509,31112,P010,4,12156,47165,31601
1510,31113,P004,1,4139,4015,2329
1511,31114,P008,1,17776,15998,10559
1512,31115,P009,2,9289,17649,12531
1513,31115,P001,2,80037,152070,117094
1514,31116,P010,1,12964,12316,8252
1515,31117,P006,1,40839,40839,29812
1516,31118,P008,1,19291,19291,12732
1517,31119,P006,1,39816,39816,29066
1518,31120,P009,2,9536,17737,12593
1519,31121,P008,1,18336,17052,11254
1520,31121,P009,2,10416,19374,13756
1521,31122,P007,3,54906,164718,123538
1522,31122,P004,1,3822,3822,2217
1523,31123,P006,1,39116,37943,27698
1524,31124,P001,1,77439,77439,59628
1525,31125,P003,1,6139,6139,3806
1526,31126,P004,1,3829,3446,1999
1527,31127,P004,2,3739,7254,4207
1528,31128,P005,1,254135,254135,205849
1529,31129,P008,1,18463,17909,11820
1530,31129,P007,1,55212,53556,40167
1531,31130,P005,2,235675,471350,381794
1532,31131,P005,1,255938,248260,201091
1533,31131,P003,1,6419,6226,3860
1534,31132,P001,1,80952,75285,57969
1535,31133,P001,1,82269,82269,63347
1536,31133,P002,1,27457,27457,18945
1537,31134,P006,2,39077,75809,55341
1538,31135,P007,1,55334,55334,41500
1539,31136,P008,1,18307,18307,12083
1540,31137,P007,1,50976,47408,35556
1541,31138,P007,1,53962,53962,40472
1542,31139,P001,1,82420,82420,63463
1543,31140,P003,1,6180,6180,3832
1544,31141,P001,1,81339,77272,59499
1545,31141,P005,1,232619,220988,179000
1546,31141,P010,1,11756,11168,7483
1547,31142,P008,2,17621,34185,22562
1548,31143,P001,1,77745,77745,59864
1549,31144,P008,1,17697,17697,11680
1550,31144,P010,1,12778,12778,8561
1551,31145,P009,1,10198,10198,7241
1552,31145,P004,1,4036,4036,2341
1553,31146,P005,2,238158,462027,374242
1554,31146,P003,1,6661,6461,4006
1555,31147,P001,3,79546,231479,178239
1556,31147,P009,1,10025,9724,6904
1557,31148,P002,1,27411,27411,18914
1558,31149,P005,1,235046,227995,184676
1559,31150,P007,2,54220,100849,75637
1560,31151,P003,1,6054,5872,3641
1561,31152,P004,1,4018,3817,2214
1562,31153,P009,1,10529,9792,6952
1563,31154,P007,3,55342,154404,115803
1564,31155,P008,3,19492,58476,38594
1565,31155,P009,1,10183,10183,7230
1566,31155,P010,1,12703,12703,8511
1567,31156,P005,1,258864,258864,209680
1568,31156,P008,1,19781,19781,13055
1569,31157,P002,3,25469,74115,51139
1570,31158,P003,2,6480,12960,8035
1571,31159,P010,1,11836,11244,7533
1572,31160,P008,1,19471,18108,11951
1573,31160,P005,4,240755,895609,725443
1574,31161,P008,1,19803,19803,13070
1575,31161,P007,2,53811,107622,80716
1576,31161,P009,3,9652,28956,20559
1577,31162,P005,1,238354,238354,193067
1578,31163,P001,3,80483,224548,172902
1579,31164,P010,1,12842,11558,7744
1580,31165,P004,1,3825,3825,2219
1581,31166,P005,2,231083,429814,348149
1582,31167,P006,1,38161,36253,26465
1583,31167,P008,2,18445,35046,23130
1584,31168,P008,1,17673,17143,11314
1585,31168,P009,3,9906,28826,20466
1586,31169,P002,1,26261,26261,18120
1587,31169,P006,2,39624,79248,57851
1588,31170,P007,4,53055,212220,159165
1589,31171,P002,2,25131,50262,34681
1590,31172,P003,2,6491,12593,7808
1591,31173,P008,1,17559,17032,11241
1592,31173,P005,1,251175,243640,197348
1593,31174,P003,1,6027,5846,3625
1594,31174,P008,1,17527,17001,11221
1595,31175,P002,2,28345,56690,39116
1596,31176,P005,1,261112,242834,196696
1597,31177,P002,1,27642,25707,17738
1598,31178,P010,2,11928,22663,15184
1599,31179,P006,2,38703,77406,56506
1600,31180,P007,1,48972,46523,34892
1601,31181,P004,1,3733,3546,2057
1602,31182,P006,3,36924,107449,78438
1603,31182,P004,2,3934,7632,4427
1604,31183,P009,1,10482,9748,6921
1605,31184,P003,2,6310,11737,7277
1606,31184,P010,1,12784,11889,7966
1607,31185,P006,1,39083,39083,28531
1608,31186,P001,1,77376,77376,59580
1609,31186,P009,1,10034,10034,7124
1610,31186,P008,2,19806,39612,26144
1611,31187,P003,2,6520,12649,7842
1612,31188,P008,2,17612,35224,23248
1613,31188,P003,3,6477,19431,12047
1614,31189,P008,3,19850,56572,37338
1615,31189,P009,2,9493,18037,12806
1616,31190,P002,1,25336,24069,16608
1617,31191,P003,2,5982,11964,7418
1618,31191,P006,2,38971,77942,56898
1619,31191,P009,2,9981,19962,14173
1620,31192,P004,2,4162,8324,4828
1621,31192,P005,1,254744,254744,206343
1622,31192,P008,1,19570,19570,12916
1623,31193,P009,1,10543,10227,7261
1624,31194,P004,1,4088,3884,2253
1625,31194,P008,1,19042,18090,11939
1626,31195,P009,1,10126,10126,7189
1627,31196,P010,1,13083,12167,8152
1628,31197,P008,1,19799,19799,13067
1629,31198,P009,1,10476,9428,6694
1630,31199,P004,1,3766,3766,2184
1631,31200,P009,3,9703,27654,19634
1632,31201,P007,1,53214,53214,39910
1633,31201,P008,1,18867,18867,12452
1634,31202,P006,1,41060,39007,28475
1635,31203,P008,1,18767,18767,12386
1636,31203,P007,1,55654,55654,41740
1637,31204,P008,1,17645,17645,11646
1638,31204,P007,1,52783,52783,39587
1639,31204,P003,1,6495,6495,4027
1640,31205,P004,3,4188,11936,6923
1641,31206,P003,2,6552,12711,7881
1642,31207,P004,2,4019,8038,4662
1643,31207,P002,1,25936,25936,17896
1644,31208,P002,1,28166,25349,17491
1645,31209,P005,1,248932,248932,201635
1646,31209,P003,3,5874,17622,10926
1647,31209,P008,2,18736,37472,24732
1648,31210,P009,1,10278,9970,7079
1649,31211,P008,1,17695,17695,11679
1650,31211,P001,1,81455,81455,62720
1651,31212,P006,4,39659,158636,115804
1652,31213,P005,3,235638,706914,572600
1653,31214,P005,1,237639,237639,192488
1654,31215,P001,1,79760,74177,57116
1655,31216,P008,3,19954,59862,39509
1656,31216,P004,2,4210,8420,4884
1657,31217,P010,2,12229,24458,16387
1658,31218,P003,1,6462,6462,4006
1659,31218,P002,2,26664,53328,36796
1660,31219,P006,1,41905,39810,29061
1661,31220,P006,1,39446,39446,28796
1662,31221,P005,1,236995,236995,191966
1663,31222,P010,2,12148,24296,16278
1664,31222,P005,2,250294,500588,405476
1665,31222,P003,3,6686,20058,12436
1666,31223,P006,4,39355,149549,109171
1667,31224,P003,1,6215,5780,3584
1668,31225,P001,2,82347,159753,123010
1669,31226,P007,1,55490,53825,40369
1670,31226,P001,1,75285,73026,56230
1671,31227,P010,1,13123,12204,8177
1672,31227,P005,2,238842,444246,359839
1673,31228,P009,1,10224,9202,6533
1674,31229,P003,1,6012,5711,3541
1675,31230,P007,3,53809,150127,112595
1676,31231,P007,1,53162,51567,38675
1677,31232,P003,3,6121,18363,11385
1678,31233,P007,3,51422,143467,107600
1679,31233,P003,1,5962,5545,3438
1680,31234,P007,1,50597,48067,36050
1681,31235,P008,3,17428,48624,32092
1682,31235,P003,2,6451,11999,7439
1683,31236,P004,1,3704,3704,2148
1684,31236,P007,1,49137,49137,36853
1685,31237,P004,1,4199,4073,2362
1686,31238,P005,1,261045,261045,211446
1687,31239,P008,1,18976,18407,12149
1688,31240,P009,1,9436,8775,6230
1689,31241,P010,2,12679,25358,16990
1690,31241,P009,2,10133,20266,14389
1691,31242,P009,1,9830,9830,6979
1692,31242,P005,1,243710,243710,197405
1693,31243,P002,1,25217,23956,16530
1694,31244,P003,1,6592,6592,4087
1695,31245,P004,1,3845,3576,2074
1696,31246,P004,1,3671,3414,1980
1697,31247,P006,4,39402,149728,109301
1698,31248,P009,3,10264,30792,21862
1699,31249,P004,3,3817,11107,6442
1700,31249,P003,2,6114,11861,7354
1701,31250,P009,1,10020,9319,6616
1702,31250,P003,3,6413,17892,11093
1703,31251,P004,1,3937,3819,2215
1704,31252,P010,1,12865,12479,8361
1705,31253,P004,2,4130,8260,4791
1706,31254,P003,1,6093,5910,3664
1707,31255,P007,3,53812,161436,121077
1708,31256,P007,1,49903,46410,34808
1709,31256,P002,1,26408,24559,16946
1710,31257,P007,1,49397,46927,35195
1711,31258,P004,1,3859,3473,2014
1712,31259,P009,1,9350,8696,6174
1713,31260,P002,2,27971,54264,37442
1714,31261,P007,1,51382,49841,37381
1715,31261,P004,2,3915,7595,4405
1716,31262,P006,1,41885,40628,29658
1717,31263,P004,1,3996,3596,2086
1718,31264,P005,3,242006,726018,588075
1719,31265,P006,3,39838,119514,87245
1720,31265,P010,1,13465,13465,9022
1721,31266,P009,1,9401,8931,6341
1722,31266,P004,1,3831,3639,2111
1723,31267,P001,1,73712,73712,56758
1724,31267,P010,1,13074,13074,8760
1725,31268,P007,1,53371,49635,37226
1726,31269,P005,2,231135,416043,336995
1727,31269,P001,2,74654,134377,103470
1728,31270,P005,1,245094,245094,198526
1729,31270,P006,1,39640,39640,28937
1730,31271,P008,1,18450,17896,11811
1731,31271,P004,2,3740,7256,4208
1732,31271,P006,2,39600,76824,56082
1733,31272,P007,1,50797,48257,36193
1734,31273,P010,2,11812,23624,15828
1735,31274,P008,2,18794,36460,24064
1736,31275,P001,2,78538,146081,112482
1737,31276,P008,2,19292,38584,25465
1738,31277,P010,3,11828,33710,22586
1739,31278,P010,1,13185,12789,8569
1740,31278,P005,4,234801,911028,737933
1741,31279,P003,1,5950,5534,3431
1742,31280,P005,3,253985,708618,573981
1743,31281,P004,1,3768,3580,2076
1744,31282,P008,1,17824,17289,11411
1745,31283,P009,1,10306,10306,7317
1746,31284,P008,3,18003,54009,35646
1747,31285,P003,1,6166,5981,3708
1748,31286,P003,2,6215,12057,7475
1749,31287,P004,1,3687,3687,2138
1750,31288,P006,1,38925,38925,28415
1751,31289,P006,3,40190,116953,85376
1752,31290,P005,1,260656,260656,211131
1753,31290,P007,3,49006,147018,110264
1754,31291,P004,1,3903,3903,2264
1755,31291,P009,1,10532,10532,7478
1756,31292,P001,1,79437,79437,61166
1757,31293,P002,1,26431,25638,17690
1758,31294,P003,2,6590,13180,8172
1759,31295,P007,1,51454,47852,35889
1760,31295,P009,1,9230,8584,6095
1761,31296,P009,2,10432,19821,14073
1762,31296,P004,1,3855,3662,2124
1763,31297,P005,1,252748,235056,190395
1764,31298,P007,2,54747,106209,79657
1765,31299,P004,1,3815,3815,2213
1766,31299,P010,3,12883,38649,25895
1767,31299,P001,2,75266,150532,115910
1768,31300,P004,1,3727,3727,2162
1769,31301,P007,2,50850,96615,72461
1770,31302,P009,3,9446,26354,18711
1771,31303,P010,2,12790,23789,15939
1772,31304,P004,1,4108,4108,2383
1773,31305,P002,1,27039,27039,18657
1774,31306,P005,1,236486,219932,178145
1775,31307,P001,1,81894,81894,63058
1776,31308,P005,1,245856,245856,199143
1777,31309,P007,1,55918,52004,39003
1778,31310,P007,2,50477,100954,75716
1779,31311,P003,3,6541,18249,11314
1780,31312,P007,1,54420,54420,40815
1781,31313,P002,1,25233,23971,16540
1782,31313,P003,2,6077,11546,7159
1783,31313,P010,4,13278,50456,33806
1784,31314,P004,1,4074,3870,2245
1785,31315,P001,2,76318,145004,111653
1786,31316,P001,1,73885,73885,56891
1787,31317,P001,1,76294,68665,52872
1788,31318,P005,3,254447,740441,599757
1789,31319,P008,4,17634,63482,41898
1790,31320,P004,1,4052,3930,2279
1791,31320,P006,2,41476,80463,58738
1792,31320,P009,4,9768,37900,26909
1793,31321,P009,1,10186,9880,7015
1794,31322,P002,4,26431,102552,70761
1795,31323,P006,1,41907,38974,28451
1796,31324,P002,2,27789,52799,36431
1797,31325,P007,1,54113,54113,40585
1798,31326,P010,1,11932,10739,7195
1799,31327,P001,1,82858,78715,60611
1800,31328,P002,3,27347,73837,50948
1801,31329,P010,1,13064,12672,8490
1802,31330,P002,1,28358,28358,19567
1803,31331,P010,1,11990,11390,7631
1804,31332,P001,2,83546,155396,119655
1805,31333,P007,1,49453,46980,35235
1806,31334,P007,1,54412,51691,38768
1807,31335,P009,1,10421,10108,7177
1808,31336,P002,1,26092,25309,17463
1809,31337,P002,1,27891,26496,18282
1810,31338,P006,1,40297,40297,29417
1811,31339,P008,1,17527,16651,10990
1812,31340,P002,1,27159,27159,18740
1813,31341,P009,1,10408,10408,7390
1814,31342,P003,1,6616,5954,3691
1815,31342,P007,3,56136,151567,113675
1816,31342,P002,2,26149,47068,32477
1817,31343,P007,2,54606,98291,73718
1818,31344,P007,2,49904,96814,72610
1819,31345,P001,1,76614,76614,58993
1820,31345,P002,1,25553,25553,17632
1821,31346,P006,1,40135,40135,29299
1822,31347,P009,1,9881,9585,6805
1823,31348,P005,1,245956,228739,185279
1824,31349,P005,2,252222,479222,388170
1825,31350,P005,1,254063,241360,195502
1826,31351,P008,1,18017,17476,11534
1827,31351,P006,1,41222,39985,29189
1828,31352,P009,1,10466,10466,7431
1829,31353,P010,3,11759,35277,23636
1830,31354,P003,2,5963,11926,7394
1831,31355,P004,3,3999,11637,6749
1832,31356,P006,1,39295,38116,27825
1833,31356,P001,1,74825,72580,55887
1834,31357,P004,2,3852,7473,4334
1835,31358,P008,2,18194,34569,22816
1836,31359,P009,4,10227,39681,28174
1837,31359,P003,1,6671,6471,4012
1838,31360,P008,1,18308,17393,11479
1839,31361,P002,4,24959,99836,68887
1840,31361,P006,1,39212,39212,28625
1841,31362,P004,2,3980,7960,4617
1842,31363,P002,2,26711,50751,35018
1843,31363,P001,1,78839,74897,57671
1844,31364,P002,1,25368,25368,17504
1845,31364,P004,2,4142,8284,4805
1846,31365,P002,1,26454,23809,16428
1847,31366,P005,1,235571,228504,185088
1848,31367,P009,1,10214,9499,6744
1849,31368,P003,1,5926,5926,3674
1850,31368,P007,1,52711,52711,39533
1851,31369,P009,1,9242,8965,6365
1852,31369,P007,2,55604,107872,80904
1853,31370,P007,1,49346,49346,37010
1854,31371,P002,1,28487,28487,19656
1855,31372,P003,3,5842,17526,10866
1856,31373,P010,2,12189,24378,16333
1857,31374,P008,1,19214,18638,12301
1858,31374,P007,1,54223,52596,39447
1859,31375,P009,1,9552,8883,6307
1860,31375,P003,1,6013,5592,3467
1861,31376,P008,1,17460,16238,10717
1862,31376,P001,1,81807,76081,58582
1863,31377,P004,1,3667,3667,2127
1864,31378,P003,1,6454,6002,3721
1865,31379,P007,1,51877,51877,38908
1866,31380,P010,3,12183,36549,24488
1867,31381,P004,2,3737,7474,4335
1868,31382,P004,1,3786,3672,2130
1869,31383,P003,1,6076,6076,3767
1870,31384,P007,1,55672,54002,40502
1871,31384,P008,2,18097,35108,23171
1872,31385,P010,1,13424,13424,8994
1873,31385,P003,4,6164,24656,15287
1874,31386,P007,1,52963,52963,39722
1875,31387,P005,2,241124,482248,390621
1876,31388,P008,1,18861,16975,11203
1877,31388,P007,1,53228,47905,35929
1878,31388,P004,2,4106,7391,4287
1879,31389,P010,1,12013,11412,7646
1880,31389,P007,1,55956,53158,39868
1881,31390,P006,1,38506,36581,26704
1882,31390,P002,3,25648,73097,50437
1883,31391,P009,3,9671,28143,19982
1884,31392,P006,1,39913,37917,27679
1885,31393,P010,1,12909,12522,8390
1886,31394,P003,1,6271,5957,3693
1887,31395,P004,1,4024,3823,2217
1888,31396,P007,1,50169,48664,36498
1889,31396,P004,1,4134,4010,2326
1890,31397,P007,1,51821,49230,36922
1891,31398,P009,1,9472,9188,6523
1892,31399,P008,1,18664,18664,12318
1893,31399,P001,2,80308,160616,123674
1894,31400,P009,1,9242,9242,6562
1895,31400,P004,3,3927,11781,6833
1896,31401,P004,1,4197,4197,2434
1897,31402,P010,1,13491,12816,8587
1898,31403,P009,1,9547,9547,6778
1899,31404,P002,1,26555,24696,17040
1900,31405,P004,1,3824,3824,2218
1901,31406,P003,3,6475,18454,11441
1902,31407,P009,1,9435,9435,6699
1903,31408,P006,2,37404,71068,51880
1904,31409,P004,1,4132,4008,2325
1905,31409,P010,2,12224,23715,15889
1906,31410,P010,1,12188,11822,7921
1907,31411,P009,2,9352,18704,13280
1908,31412,P001,2,73590,147180,113329
1909,31412,P009,3,9542,28626,20324
1910,31412,P004,3,3974,11922,6915
1911,31413,P006,1,37650,35768,26111
1912,31414,P002,2,26855,51024,35207
1913,31415,P009,2,10566,20075,14253
1914,31415,P010,1,11789,11200,7504
1915,31416,P006,1,37923,36027,26300
1916,31417,P001,1,76735,74433,57313
1917,31417,P007,1,49111,47638,35728
1918,31418,P004,2,4211,7832,4543
1919,31419,P004,1,4170,4170,2419
1920,31419,P008,1,18320,18320,12091
1921,31420,P004,1,3841,3457,2005
1922,31421,P003,1,6593,6395,3965
1923,31422,P006,1,39612,39612,28917
1924,31422,P005,1,237211,237211,192141
1925,31423,P005,1,239865,239865,194291
1926,31424,P010,1,12354,11489,7698
1927,31424,P004,2,4020,7477,4337
1928,31425,P007,1,53921,53921,40441
1929,31426,P008,1,19897,19300,12738
1930,31427,P009,1,9436,8964,6364
1931,31428,P008,1,17584,17056,11257
1932,31429,P010,3,13109,37361,25032
1933,31429,P009,3,9433,26884,19088
1934,31430,P008,1,19674,19674,12985
1935,31431,P009,1,9764,9081,6448
1936,31432,P001,2,83505,167010,128598
1937,31433,P001,1,77643,77643,59785
1938,31433,P002,4,27209,108836,75097
1939,31433,P008,1,19811,19811,13075
1940,31434,P006,1,39963,37166,27131
1941,31434,P009,1,9635,8961,6362
1942,31434,P004,2,3797,7062,4096
1943,31435,P010,3,13060,38005,25463
1944,31435,P006,1,39291,38112,27822
1945,31436,P006,1,41379,39310,28696
1946,31436,P009,2,9429,17915,12720
1947,31437,P007,1,50162,50162,37622
1948,31437,P010,1,13048,13048,8742
1949,31438,P001,3,83268,237314,182732
1950,31439,P007,4,54046,209698,157274
1951,31439,P001,2,82407,159870,123100
1952,31440,P008,1,17392,16870,11134
1953,31441,P006,2,36791,73582,53715
1954,31442,P007,1,49835,47343,35507
1955,31443,P010,1,11835,11835,7929
1956,31444,P006,3,37261,111783,81602
1957,31444,P010,2,13318,26636,17846
1958,31444,P009,2,10096,20192,14336
1959,31445,P006,2,36982,70266,51294
1960,31445,P008,1,19844,18852,12442
1961,31446,P009,4,9942,37780,26824
1962,31447,P004,1,4124,4124,2392
1963,31448,P004,3,4202,11976,6946
1964,31449,P008,1,19040,19040,12566
1965,31450,P004,1,3945,3827,2220
1966,31451,P005,2,238074,476148,385680
1967,31452,P004,1,4096,4096,2376
1968,31452,P005,1,254015,254015,205752
1969,31453,P003,1,6068,6068,3762
1970,31454,P005,1,254319,241603,195698
1971,31454,P001,2,76413,145185,111792
1972,31455,P003,1,5969,5969,3701
1973,31456,P001,1,83987,78108,60143
1974,31457,P008,2,19312,38624,25492
1975,31457,P007,2,52384,104768,78576
1976,31458,P009,1,10421,9900,7029
1977,31458,P002,1,25982,24683,17031
1978,31459,P006,1,38598,38598,28177
1979,31459,P002,1,27697,27697,19111
1980,31460,P004,1,3969,3969,2302
1981,31461,P004,1,3787,3787,2196
1982,31461,P003,1,6044,6044,3747
1983,31461,P008,1,18292,18292,12073
1984,31462,P002,3,26331,76623,52870
1985,31463,P002,3,25954,70076,48352
1986,31464,P007,2,55119,110238,82678
1987,31464,P003,1,6072,6072,3765
1988,31465,P001,1,73529,69853,53787
1989,31466,P005,1,239789,232595,188402
1990,31466,P004,1,3897,3780,2192
1991,31466,P008,1,18645,18086,11937
1992,31467,P010,1,12801,12801,8577
1993,31468,P002,1,27183,27183,18756
1994,31469,P005,2,237904,475808,385404
1995,31470,P004,1,4158,4158,2412
1996,31471,P004,1,3847,3578,2075
1997,31472,P006,2,37228,67010,48917
1998,31473,P005,1,259531,259531,210220
1999,31474,P007,1,51413,51413,38560
2000,31475,P007,1,53274,53274,39956
2001,31476,P009,1,9786,9492,6739
2002,31476,P006,1,41987,40727,29731
2003,31477,P007,1,52061,49458,37094
2004,31478,P002,1,27229,25868,17849
2005,31479,P001,1,80214,76203,58676
2006,31479,P006,4,39359,149564,109182
2007,31479,P004,1,4132,3925,2277
2008,31480,P005,1,243758,236445,191520
2009,31481,P009,3,9309,27089,19233
2010,31481,P001,3,76097,221442,170510
2011,31482,P005,1,244554,232326,188184
2012,31482,P009,2,10289,19549,13880
2013,31482,P010,2,11776,22374,14991
2014,31483,P007,1,55804,51898,38924
2015,31484,P003,3,6624,19872,12321
2016,31485,P006,1,37483,34859,25447
2017,31486,P008,1,18093,18093,11941
2018,31486,P001,1,73640,73640,56703
2019,31487,P005,2,235921,471842,382192
2020,31488,P006,1,36675,36675,26773
2021,31489,P007,3,54347,163041,122281
2022,31490,P007,1,53706,51021,38266
2023,31491,P008,1,19713,18727,12360
2024,31492,P005,2,257726,515452,417516
2025,31493,P003,1,5850,5558,3446
2026,31494,P006,3,36799,99357,72531
2027,31495,P007,1,53554,53554,40166
2028,31495,P009,3,9700,29100,20661
2029,31496,P001,1,76713,76713,59069
2030,31497,P003,1,6061,5637,3495
2031,31498,P003,3,6062,16913,10486
2032,31498,P006,1,37344,34730,25353
2033,31499,P001,2,73674,147348,113458
2034,31500,P010,1,12422,12422,8323
2035,31501,P002,1,27202,26386,18206
2036,31501,P008,1,19056,18484,12199
2037,31502,P006,1,41487,39413,28771
2038,31503,P010,2,12796,25592,17147
2039,31503,P005,1,259190,259190,209944
2040,31504,P008,1,18623,18623,12291
2041,31505,P006,1,39295,38116,27825
2042,31506,P007,1,54930,53282,39962
2043,31507,P001,1,75286,71522,55072
2044,31508,P003,3,6387,18203,11286
2045,31508,P006,2,38951,74007,54025
2046,31508,P010,1,12985,12336,8265
2047,31509,P008,1,17570,17043,11248
2048,31510,P006,1,37075,33368,24359
2049,31511,P005,1,253818,246203,199424
2050,31512,P003,1,5966,5787,3588
2051,31513,P004,2,3826,7269,4216
2052,31514,P002,4,27039,108156,74628
2053,31515,P006,1,40552,40552,29603
2054,31516,P007,2,53867,104502,78376
2055,31517,P004,2,3951,7665,4446
2056,31517,P001,1,77732,75400,58058
2057,31518,P009,1,9216,8755,6216
2058,31519,P006,1,41966,37769,27571
2059,31520,P003,1,6676,6209,3850
2060,31521,P008,1,18130,18130,11966
2061,31521,P009,2,9990,19980,14186
2062,31522,P009,1,10016,9315,6614
2063,31523,P010,3,13112,37369,25037
2064,31523,P006,1,36865,35022,25566
2065,31524,P002,1,27360,27360,18878
2066,31525,P009,1,9892,9397,6672
2067,31526,P005,1,249716,224744,182043
2068,31527,P010,3,12466,33658,22551
2069,31528,P004,3,3937,11811,6850
2070,31529,P003,2,6365,12094,7498
2071,31530,P003,1,6439,5988,3713
2072,31531,P007,2,53620,107240,80430
2073,31532,P004,1,4179,3886,2254
2074,31532,P005,1,236003,219483,177781
2075,31533,P003,2,6102,10984,6810
2076,31533,P009,3,10300,27810,19745
2077,31534,P006,1,39116,37943,27698
2078,31535,P007,1,55386,52617,39463
2079,31536,P006,2,39573,75189,54888
2080,31537,P008,1,18953,18384,12133
2081,31538,P008,1,17806,16025,10576
2082,31538,P004,3,4141,11181,6485
2083,31539,P009,2,10222,19831,14080
2084,31540,P008,1,17742,17742,11710
2085,31541,P007,2,54972,109944,82458
2086,31542,P008,1,18960,18960,12514
2087,31543,P006,1,41661,39578,28892
2088,31543,P001,1,77018,73167,56339
2089,31544,P006,1,40532,38505,28109
2090,31545,P008,1,18754,18754,12378
2091,31546,P001,2,76926,149236,114912
2092,31547,P005,1,258065,240000,194400
2093,31547,P007,2,49644,92338,69254
2094,31547,P001,1,83629,77775,59887
2095,31548,P008,2,18098,35110,23173
2096,31549,P008,1,17530,16654,10992
2097,31550,P006,2,37938,73600,53728
2098,31550,P004,1,4061,3939,2285
2099,31551,P003,1,6542,6215,3853
2100,31552,P001,2,82479,164958,127018
2101,31553,P010,2,11853,23706,15883
2102,31553,P007,1,55898,55898,41924
2103,31554,P008,2,17950,32310,21325
2104,31554,P010,1,12869,11582,7760
2105,31555,P010,2,12830,23864,15989
2106,31555,P003,1,6672,6205,3847
2107,31556,P001,1,80484,78069,60113
2108,31556,P010,1,13238,12841,8603
2109,31557,P007,1,54939,54939,41204
2110,31558,P009,3,10054,30162,21415
2111,31559,P002,1,25656,24886,17171
2112,31560,P006,2,37521,71290,52042
2113,31560,P007,1,50298,47783,35837
2114,31560,P010,1,13099,12444,8337
2115,31561,P007,1,55401,55401,41551
2116,31562,P008,1,17445,15700,10362
2117,31563,P003,2,6213,11805,7319
2118,31563,P002,2,25801,49022,33825
2119,31563,P004,3,4051,11545,6696
2120,31564,P006,1,39196,38020,27755
2121,31565,P002,1,27115,27115,18709
2122,31566,P001,1,78773,78773,60655
2123,31566,P002,1,26346,26346,18179
2124,31566,P003,1,6218,6218,3855
2125,31567,P001,1,79322,76942,59245
2126,31568,P001,1,78801,78801,60677
2127,31569,P002,1,27742,26355,18185
2128,31570,P004,1,4026,3744,2172
2129,31571,P010,1,12748,12366,8285
2130,31572,P005,1,260452,247429,200417
2131,31573,P006,3,38071,108502,79206
2132,31573,P007,1,52194,49584,37188
2133,31574,P006,1,37207,36091,26346
2134,31575,P009,2,9308,17685,12556
2135,31575,P006,2,42047,79889,58319
2136,31576,P002,1,26092,26092,18003
2137,31576,P007,1,53693,53693,40270
2138,31577,P007,2,53855,102324,76743
2139,31578,P005,2,236660,459120,371887
2140,31579,P001,3,77547,216356,166594
2141,31580,P005,1,242076,229972,186277
2142,31581,P005,1,254204,246578,199728
2143,31582,P007,1,55685,52901,39676
2144,31583,P007,1,54326,50523,37892
2145,31583,P003,1,6118,5690,3528
2146,31584,P004,2,3905,7810,4530
2147,31584,P007,4,51587,206348,154761
2148,31585,P009,1,10148,10148,7205
2149,31586,P007,1,54033,54033,40525
2150,31587,P010,1,12594,12594,8438
2151,31588,P002,1,25418,25418,17538
2152,31589,P004,1,3946,3670,2129
2153,31589,P003,2,6176,11487,7122
2154,31590,P003,2,6516,12380,7676
2155,31591,P004,1,4094,3889,2256
2156,31592,P002,1,27440,26617,18366
2157,31593,P009,1,9977,9279,6588
2158,31594,P004,1,3966,3847,2231
2159,31595,P010,1,12148,12148,8139
2160,31595,P001,1,81349,81349,62639
2161,31596,P001,3,82889,248667,191474
2162,31597,P010,1,12674,12674,8492
2163,31597,P002,1,28369,28369,19575
2164,31598,P007,1,52172,49563,37172
2165,31599,P004,1,4103,3898,2261
2166,31600,P010,3,13179,38351,25695
2167,31601,P005,2,257886,515772,417775
2168,31602,P004,1,3914,3914,2270
2169,31603,P001,3,74008,199822,153863
2170,31604,P010,1,12109,12109,8113
2171,31605,P009,1,10206,9696,6884
2172,31606,P010,1,12926,12926,8660
2173,31606,P007,1,50424,50424,37818
2174,31607,P002,1,28475,27051,18665
2175,31608,P004,1,3979,3860,2239
2176,31609,P009,2,10572,21144,15012
2177,31610,P005,1,258209,250463,202875
2178,31611,P003,1,6283,6283,3895
2179,31612,P001,1,82712,82712,63688
2180,31613,P004,1,4009,4009,2325
2181,31613,P009,1,9375,9375,6656
2182,31614,P005,1,243868,231675,187657
2183,31615,P004,1,3777,3588,2081
2184,31616,P009,1,9981,9981,7087
2185,31616,P008,1,18751,18751,12376
2186,31617,P010,1,12205,12205,8177
2187,31617,P007,1,49149,49149,36862
2188,31617,P002,1,28582,28582,19722
2189,31618,P003,2,6053,11743,7281
2190,31619,P009,3,10286,30858,21909
2191,31619,P003,1,5857,5857,3631
2192,31620,P006,1,40333,40333,29443
2193,31620,P010,1,11781,11781,7893
2194,31621,P003,2,6159,12318,7637
2195,31622,P003,4,5999,23996,14878
2196,31623,P008,1,18094,17551,11584
2197,31624,P001,2,77959,155918,120057
2198,31625,P001,1,75812,75812,58375
2199,31626,P009,2,10270,19924,14146
2200,31626,P003,1,6043,5862,3634
2201,31627,P004,1,4084,3880,2250
2202,31627,P008,1,18992,18042,11908
2203,31627,P006,1,42102,39997,29198
2204,31628,P002,1,28266,25439,17553
2205,31629,P001,3,83329,242487,186715
2206,31629,P009,3,10276,29903,21231
2207,31629,P007,1,49984,48484,36363
2208,31630,P006,1,40806,36725,26809
2209,31631,P001,1,83338,77504,59678
2210,31632,P008,1,18286,18286,12069
2211,31633,P005,1,242699,235418,190689
2212,31633,P007,1,55530,53864,40398
2213,31634,P009,3,9953,28366,20140
2214,31635,P010,1,12927,12022,8055
2215,31636,P009,3,10420,29072,20641
2216,31637,P005,1,252545,244969,198425
2217,31638,P002,2,27695,55390,38219
2218,31638,P008,1,18281,18281,12065
2219,31639,P006,1,37203,36087,26344
2220,31639,P001,3,74111,215663,166061
2221,31640,P002,1,26521,26521,18299
2222,31641,P005,1,261258,235132,190457
2223,31642,P007,1,52251,50683,38012
2224,31642,P005,2,230388,446953,362032
2225,31643,P004,3,4180,12164,7055
2226,31644,P001,1,81857,77764,59878
2227,31644,P010,2,13007,24713,16558
2228,31645,P009,1,9817,9522,6761
2229,31645,P010,1,13100,12707,8514
2230,31645,P002,3,26628,77487,53466
2231,31646,P004,3,3698,11094,6435
2232,31647,P003,1,6606,6276,3891
2233,31648,P008,1,17610,17610,11623
2234,31649,P010,1,12376,11138,7462
2235,31649,P003,2,6114,11005,6823
2236,31650,P002,2,27984,52050,35914
2237,31651,P004,1,4017,4017,2330
2238,31652,P010,1,11922,11564,7748
2239,31653,P009,1,9698,8728,6197
2240,31653,P002,3,28382,76631,52875
2241,31654,P010,2,13275,26550,17788
2242,31655,P010,1,13496,13091,8771
2243,31655,P004,1,4141,4017,2330
2244,31656,P001,1,75028,75028,57772
2245,31657,P002,1,28444,27591,19038
2246,31657,P004,1,3890,3773,2188
2247,31657,P010,1,12474,12100,8107
2248,31658,P010,1,13119,12463,8350
2249,31658,P008,1,17579,16700,11022
2250,31659,P006,1,37304,36185,26415
2251,31659,P003,3,6498,18909,11724
2252,31660,P010,1,11912,11555,7742
2253,31661,P001,1,78390,76038,58549
2254,31662,P002,2,27288,52939,36528
2255,31663,P007,1,52198,50632,37974
2256,31663,P002,2,24989,48479,33451
2257,31663,P010,1,12618,12239,8200
2258,31664,P002,1,26729,25393,17521
2259,31665,P007,2,50606,98176,73632
2260,31666,P003,1,6313,5871,3640
2261,31667,P008,1,17414,17414,11493
2262,31668,P008,1,17433,16213,10701
2263,31669,P007,2,55490,103211,77408
2264,31670,P008,3,18784,52407,34589
2265,31671,P006,1,39644,39644,28940
2266,31672,P008,2,18818,35754,23598
2267,31673,P007,1,50906,50906,38180
2268,31674,P010,4,11960,44491,29809
2269,31675,P004,2,3730,7087,4110
2270,31675,P007,1,55579,52800,39600
2271,31676,P004,1,3942,3942,2286
2272,31677,P007,2,53049,102915,77186
2273,31678,P009,1,10046,10046,7133
2274,31678,P004,3,4089,12267,7115
2275,31679,P009,1,10351,10040,7128
2276,31680,P002,1,28609,27751,19148
2277,31681,P004,2,3738,7102,4119
2278,31682,P009,2,10200,18972,13470
2279,31682,P001,4,83343,310036,238728
2280,31683,P009,1,9393,9111,6469
2281,31683,P003,3,6606,19223,11918
2282,31684,P003,2,6613,13226,8200
2283,31685,P007,1,49583,44625,33469
2284,31686,P005,1,240701,240701,194968
2285,31687,P005,1,254489,246854,199952
2286,31688,P002,1,25617,24336,16792
2287,31689,P006,1,37254,33529,24476
2288,31690,P001,1,78524,78524,60463
2289,31691,P004,2,3669,7118,4128
2290,31692,P005,3,264359,793077,642392
2291,31693,P003,2,6368,12736,7896
2292,31694,P006,2,37960,75920,55422
2293,31695,P007,2,54512,101392,76044
2294,31695,P010,3,11832,33011,22117
2295,31696,P010,1,13170,13170,8824
2296,31696,P001,2,82897,165794,127661
2297,31697,P009,3,10007,29120,20675
2298,31698,P006,3,38404,111756,81582
2299,31698,P005,1,247259,239841,194271
2300,31699,P007,2,54675,101696,76272
2301,31700,P010,2,11991,22303,14943
2302,31701,P003,1,6168,5860,3633
2303,31702,P004,1,4068,3946,2289
2304,31703,P003,2,6266,11905,7381
2305,31704,P009,1,10302,9787,6949
2306,31705,P001,2,78138,156276,120333
2307,31706,P006,1,38298,38298,27958
2308,31707,P001,2,73693,147386,113487
2309,31708,P003,1,6513,6318,3917
2310,31709,P001,1,77988,70189,54046
2311,31710,P006,1,40288,40288,29410
2312,31710,P009,1,9288,9288,6594
2313,31711,P006,1,39353,35418,25855
2314,31712,P008,4,17944,69623,45951
2315,31713,P010,2,13290,24719,16562
2316,31713,P003,1,6360,5915,3667
2317,31714,P003,1,6053,6053,3753
2318,31714,P004,1,4032,4032,2339
2319,31715,P003,2,6319,12638,7836
2320,31715,P001,2,79165,158330,121914
2321,31716,P009,2,10509,21018,14923
2322,31717,P007,3,55493,166479,124859
2323,31718,P002,2,25690,49839,34389
2324,31719,P005,1,230597,219067,177444
2325,31720,P003,1,5936,5758,3570
2326,31721,P003,1,6091,5665,3512
2327,31721,P009,2,9995,18591,13200
2328,31721,P008,1,17681,16443,10852
2329,31722,P007,1,49427,46956,35217
2330,31723,P009,1,9285,8356,5933
2331,31724,P001,1,78974,75025,57769
2332,31724,P008,2,19137,36360,23998
2333,31725,P006,1,40066,40066,29248
2334,31726,P007,2,49663,99326,74494
2335,31727,P008,1,18001,16741,11049
2336,31728,P010,1,11902,11902,7974
2337,31729,P005,1,242255,242255,196227
2338,31730,P003,4,6041,23439,14532
2339,31731,P002,1,26443,23799,16421
2340,31732,P006,1,39547,37570,27426
2341,31733,P005,1,251837,239245,193788
