payment_id,order_id,payment_method,payment_status,paid_amount,due_date
1,30001,карта,не оплачен,0,2026-01-15
2,30002,рассрочка,оплачен,66909,2026-01-22
3,30003,карта,оплачен,156541,2026-01-11
4,30004,карта,оплачен,496326,2026-01-15
5,30005,счет,не оплачен,0,2026-01-11
6,30006,счет,не оплачен,0,2026-01-15
7,30007,карта,просрочен,6615,2026-01-11
8,30008,карта,оплачен,26876,2026-01-15
9,30009,счет,просрочен,10408,2026-01-22
10,30010,карта,оплачен,79016,2026-01-12
11,30011,счет,оплачен,9949,2026-01-23
12,30012,карта,оплачен,35115,2026-01-12
13,30013,карта,частично оплачен,239011,2026-01-12
14,30014,счет,оплачен,82963,2026-01-09
15,30015,счет,оплачен,12312,2026-01-12
16,30016,счет,частично оплачен,5249,2026-01-23
17,30017,карта,не оплачен,0,2026-01-16
18,30018,карта,оплачен,9331,2026-01-16
19,30019,карта,оплачен,148832,2026-01-16
20,30020,карта,оплачен,5833,2026-01-23
21,30021,счет,оплачен,9319,2026-01-23
22,30022,счет,оплачен,259877,2026-01-12
23,30023,счет,оплачен,482633,2026-01-12
24,30024,карта,оплачен,5675,2026-01-12
25,30025,счет,не оплачен,0,2026-01-19
26,30026,карта,не оплачен,0,2026-01-19
27,30027,счет,оплачен,503910,2026-01-15
28,30028,счет,оплачен,461416,2026-01-19
29,30029,счет,оплачен,250589,2026-01-15
30,30030,счет,оплачен,52179,2026-01-26
31,30031,карта,частично оплачен,11365,2026-01-26
32,30032,рассрочка,оплачен,39442,2026-01-19
33,30033,счет,оплачен,4202,2026-01-15
34,30034,рассрочка,оплачен,52270,2026-01-16
35,30035,карта,оплачен,140198,2026-01-16
36,30036,карта,оплачен,69522,2026-01-13
37,30037,счет,оплачен,483227,2026-01-16
38,30038,карта,не оплачен,0,2026-01-27
39,30039,счет,частично оплачен,44245,2026-01-16
40,30040,счет,частично оплачен,20269,2026-01-20
41,30041,карта,оплачен,246790,2026-01-13
42,30042,счет,не оплачен,0,2026-01-13
43,30043,карта,оплачен,46395,2026-01-20
44,30044,счет,оплачен,53846,2026-01-20
45,30045,рассрочка,просрочен,12556,2026-01-13
46,30046,рассрочка,не оплачен,0,2026-01-13
47,30047,карта,просрочен,625,2026-01-27
48,30048,карта,оплачен,11227,2026-01-20
49,30049,карта,оплачен,38749,2026-01-20
50,30050,карта,оплачен,18156,2026-01-14
51,30051,карта,оплачен,241518,2026-01-14
52,30052,карта,оплачен,76303,2026-01-17
53,30053,счет,просрочен,3110,2026-01-14
54,30054,счет,оплачен,105950,2026-01-14
55,30055,счет,оплачен,39467,2026-01-28
56,30056,счет,оплачен,6030,2026-01-28
57,30057,карта,оплачен,48213,2026-01-14
58,30058,счет,оплачен,3905,2026-01-14
59,30059,счет,оплачен,6002,2026-01-21
60,30060,рассрочка,оплачен,12319,2026-01-28
61,30061,карта,не оплачен,0,2026-01-17
62,30062,счет,оплачен,7546,2026-01-28
63,30063,счет,оплачен,38976,2026-01-17
64,30064,карта,не оплачен,0,2026-01-17
65,30065,карта,частично оплачен,56294,2026-01-28
66,30066,карта,просрочен,47977,2026-01-28
67,30067,счет,оплачен,53408,2026-01-15
68,30068,карта,не оплачен,0,2026-01-15
69,30069,счет,оплачен,315667,2026-01-22
70,30070,счет,оплачен,65113,2026-01-22
71,30071,счет,оплачен,3754,2026-01-18
72,30072,счет,оплачен,12936,2026-01-15
73,30073,счет,оплачен,23093,2026-01-22
74,30074,счет,оплачен,19050,2026-01-15
75,30075,счет,оплачен,5567,2026-01-23
76,30076,карта,не оплачен,0,2026-01-19
77,30077,счет,просрочен,15715,2026-01-30
78,30078,счет,оплачен,50342,2026-01-16
79,30079,карта,оплачен,273031,2026-01-23
80,30080,счет,оплачен,11782,2026-01-19
81,30081,карта,оплачен,18884,2026-01-23
82,30082,карта,оплачен,88283,2026-01-30
83,30083,карта,оплачен,36644,2026-01-23
84,30084,счет,оплачен,37180,2026-01-19
85,30085,карта,оплачен,56623,2026-01-26
86,30086,карта,оплачен,34177,2026-01-26
87,30087,рассрочка,просрочен,2494,2026-01-22
88,30088,счет,не оплачен,0,2026-01-26
89,30089,карта,оплачен,25371,2026-01-19
90,30090,рассрочка,частично оплачен,46912,2026-01-19
91,30091,счет,оплачен,12036,2026-02-02
92,30092,счет,оплачен,72027,2026-01-23
93,30093,карта,оплачен,56256,2026-01-20
94,30094,карта,оплачен,74125,2026-01-20
95,30095,карта,оплачен,223003,2026-01-23
96,30096,рассрочка,оплачен,3958,2026-01-27
97,30097,счет,оплачен,19068,2026-01-23
98,30098,карта,оплачен,80296,2026-01-27
99,30099,рассрочка,просрочен,327,2026-01-23
100,30100,карта,оплачен,7198,2026-01-20
101,30101,карта,оплачен,146932,2026-02-03
102,30102,карта,оплачен,9468,2026-02-03
103,30103,рассрочка,оплачен,50585,2026-01-20
104,30104,карта,частично оплачен,270296,2026-01-20
105,30105,карта,просрочен,67484,2026-01-27
106,30106,счет,оплачен,50107,2026-01-21
107,30107,счет,оплачен,41423,2026-02-04
108,30108,карта,оплачен,17932,2026-01-21
109,30109,счет,не оплачен,0,2026-02-04
110,30110,счет,оплачен,25264,2026-01-28
111,30111,карта,оплачен,38826,2026-01-28
112,30112,счет,оплачен,5629,2026-01-28
113,30113,счет,просрочен,1190,2026-01-28
114,30114,счет,оплачен,3819,2026-01-24
115,30115,счет,оплачен,10112,2026-01-21
116,30116,счет,оплачен,469150,2026-01-29
117,30117,карта,оплачен,71971,2026-02-05
118,30118,рассрочка,оплачен,25958,2026-02-05
119,30119,карта,оплачен,6106,2026-02-05
120,30120,рассрочка,оплачен,230751,2026-01-29
121,30121,карта,оплачен,105592,2026-02-05
122,30122,счет,оплачен,3796,2026-01-25
123,30123,счет,частично оплачен,20206,2026-02-05
124,30124,счет,оплачен,323091,2026-01-22
125,30125,карта,не оплачен,0,2026-01-22
126,30126,счет,частично оплачен,14389,2026-01-22
127,30127,карта,оплачен,69286,2026-01-29
128,30128,счет,частично оплачен,7240,2026-01-29
129,30129,карта,оплачен,22541,2026-01-22
130,30130,счет,оплачен,13401,2026-01-25
131,30131,карта,оплачен,10117,2026-01-25
132,30132,счет,оплачен,27322,2026-01-22
133,30133,карта,оплачен,11694,2026-01-30
134,30134,счет,оплачен,236126,2026-02-06
135,30135,карта,оплачен,10003,2026-02-06
136,30136,счет,не оплачен,0,2026-01-23
137,30137,счет,не оплачен,0,2026-01-23
138,30138,карта,оплачен,11622,2026-02-06
139,30139,счет,оплачен,3973,2026-01-30
140,30140,карта,оплачен,40439,2026-02-06
141,30141,рассрочка,оплачен,78068,2026-01-23
142,30142,счет,оплачен,265091,2026-01-23
143,30143,счет,просрочен,921,2026-01-30
144,30144,карта,просрочен,34478,2026-01-26
145,30145,счет,оплачен,37818,2026-01-26
146,30146,счет,оплачен,18476,2026-01-23
147,30147,счет,частично оплачен,56219,2026-01-26
148,30148,карта,оплачен,173214,2026-02-06
149,30149,карта,оплачен,30744,2026-01-29
150,30150,счет,оплачен,18204,2026-02-09
151,30151,карта,не оплачен,0,2026-01-29
152,30152,счет,частично оплачен,35706,2026-02-02
153,30153,счет,оплачен,46979,2026-01-26
154,30154,карта,оплачен,144418,2026-02-02
155,30155,карта,оплачен,73956,2026-01-29
156,30156,рассрочка,оплачен,37821,2026-02-02
157,30157,карта,оплачен,253562,2026-02-02
158,30158,рассрочка,оплачен,468158,2026-02-02
159,30159,счет,оплачен,636871,2026-01-29
160,30160,карта,оплачен,28353,2026-01-26
161,30161,карта,оплачен,78268,2026-01-29
162,30162,счет,не оплачен,0,2026-01-29
163,30163,рассрочка,оплачен,27070,2026-01-26
164,30164,карта,оплачен,5880,2026-01-26
165,30165,счет,оплачен,12163,2026-02-09
166,30166,счет,частично оплачен,19712,2026-02-09
167,30167,карта,оплачен,153926,2026-02-03
168,30168,счет,оплачен,234748,2026-01-30
169,30169,карта,оплачен,18119,2026-01-30
170,30170,рассрочка,оплачен,18372,2026-02-10
171,30171,счет,оплачен,197051,2026-01-30
172,30172,карта,оплачен,74770,2026-02-10
173,30173,карта,оплачен,84387,2026-02-03
174,30174,карта,оплачен,155681,2026-02-03
175,30175,карта,оплачен,103117,2026-01-30
176,30176,счет,оплачен,28067,2026-02-10
177,30177,карта,не оплачен,0,2026-01-30
178,30178,рассрочка,оплачен,38032,2026-02-10
179,30179,рассрочка,оплачен,9989,2026-02-03
180,30180,счет,оплачен,5849,2026-01-27
181,30181,карта,оплачен,77820,2026-02-11
182,30182,рассрочка,оплачен,737379,2026-01-28
183,30183,рассрочка,оплачен,337422,2026-02-04
184,30184,карта,частично оплачен,82421,2026-02-04
185,30185,карта,оплачен,76536,2026-02-11
186,30186,счет,оплачен,349410,2026-02-04
187,30187,карта,оплачен,80222,2026-01-31
188,30188,счет,оплачен,27115,2026-02-11
189,30189,карта,оплачен,249308,2026-01-31
190,30190,счет,оплачен,11677,2026-01-31
191,30191,карта,частично оплачен,218422,2026-01-31
192,30192,карта,оплачен,30707,2026-01-29
193,30193,счет,просрочен,80217,2026-01-29
194,30194,карта,оплачен,51150,2026-02-01
195,30195,счет,оплачен,160335,2026-01-29
196,30196,счет,просрочен,2740,2026-01-29
197,30197,рассрочка,оплачен,47873,2026-02-01
198,30198,рассрочка,оплачен,170344,2026-01-29
199,30199,счет,оплачен,219992,2026-02-12
200,30200,счет,оплачен,4092,2026-02-05
201,30201,счет,оплачен,51544,2026-02-12
202,30202,рассрочка,оплачен,7022,2026-02-12
203,30203,карта,оплачен,44230,2026-01-29
204,30204,рассрочка,оплачен,734575,2026-02-05
205,30205,карта,оплачен,40432,2026-02-12
206,30206,карта,оплачен,48968,2026-02-01
207,30207,карта,оплачен,18922,2026-01-29
208,30208,счет,оплачен,9403,2026-02-02
209,30209,карта,частично оплачен,61005,2026-02-06
210,30210,карта,оплачен,83611,2026-02-02
211,30211,счет,оплачен,92168,2026-02-13
212,30212,карта,не оплачен,0,2026-01-30
213,30213,рассрочка,просрочен,442,2026-02-06
214,30214,карта,оплачен,27700,2026-02-02
215,30215,карта,не оплачен,0,2026-02-06
216,30216,счет,оплачен,134982,2026-02-06
217,30217,рассрочка,частично оплачен,9233,2026-02-02
218,30218,карта,оплачен,42028,2026-02-06
219,30219,счет,частично оплачен,7945,2026-02-02
220,30220,карта,частично оплачен,11828,2026-02-13
221,30221,карта,не оплачен,0,2026-02-02
222,30222,карта,оплачен,52262,2026-02-06
223,30223,карта,оплачен,12060,2026-01-30
224,30224,карта,оплачен,16593,2026-02-02
225,30225,счет,не оплачен,0,2026-02-16
226,30226,счет,оплачен,12084,2026-02-09
227,30227,карта,просрочен,4012,2026-02-05
228,30228,счет,не оплачен,0,2026-02-02
229,30229,карта,оплачен,9916,2026-02-16
230,30230,карта,оплачен,3854,2026-02-05
231,30231,счет,оплачен,83040,2026-02-02
232,30232,карта,не оплачен,0,2026-02-05
233,30233,рассрочка,оплачен,94090,2026-02-16
234,30234,рассрочка,оплачен,49984,2026-02-09
235,30235,карта,оплачен,42085,2026-02-02
236,30236,счет,оплачен,43727,2026-02-06
237,30237,карта,оплачен,52114,2026-02-17
238,30238,счет,оплачен,109642,2026-02-03
239,30239,карта,не оплачен,0,2026-02-17
240,30240,карта,оплачен,214764,2026-02-06
241,30241,счет,оплачен,64667,2026-02-03
242,30242,карта,частично оплачен,148556,2026-02-17
243,30243,счет,оплачен,151738,2026-02-10
244,30244,рассрочка,оплачен,38699,2026-02-06
245,30245,счет,оплачен,3630,2026-02-17
246,30246,карта,оплачен,78507,2026-02-10
247,30247,счет,оплачен,238093,2026-02-10
248,30248,карта,оплачен,12045,2026-02-04
249,30249,счет,оплачен,267703,2026-02-04
250,30250,счет,оплачен,34972,2026-02-04
251,30251,счет,оплачен,238123,2026-02-11
252,30252,карта,оплачен,30512,2026-02-07
253,30253,счет,просрочен,1476,2026-02-04
254,30254,карта,оплачен,42465,2026-02-07
255,30255,карта,оплачен,24753,2026-02-11
256,30256,карта,оплачен,98701,2026-02-04
257,30257,счет,оплачен,35144,2026-02-18
258,30258,счет,частично оплачен,332937,2026-02-18
259,30259,карта,просрочен,34038,2026-02-11
260,30260,рассрочка,оплачен,58931,2026-02-11
261,30261,рассрочка,оплачен,24398,2026-02-18
262,30262,карта,оплачен,152445,2026-02-04
263,30263,рассрочка,оплачен,34892,2026-02-04
264,30264,счет,оплачен,46517,2026-02-19
265,30265,карта,просрочен,973,2026-02-12
266,30266,карта,оплачен,13413,2026-02-19
267,30267,рассрочка,оплачен,37729,2026-02-12
268,30268,карта,оплачен,23771,2026-02-12
269,30269,счет,оплачен,764343,2026-02-19
270,30270,карта,оплачен,263016,2026-02-08
271,30271,карта,просрочен,6766,2026-02-08
272,30272,счет,оплачен,35261,2026-02-08
273,30273,счет,оплачен,90313,2026-02-12
274,30274,рассрочка,просрочен,1362,2026-02-12
275,30275,рассрочка,оплачен,51759,2026-02-05
276,30276,счет,оплачен,6165,2026-02-05
277,30277,счет,оплачен,73244,2026-02-06
278,30278,рассрочка,частично оплачен,25259,2026-02-09
279,30279,счет,оплачен,79398,2026-02-06
280,30280,карта,оплачен,118929,2026-02-09
281,30281,счет,оплачен,16602,2026-02-13
282,30282,карта,оплачен,12886,2026-02-06
283,30283,счет,оплачен,12144,2026-02-06
284,30284,карта,не оплачен,0,2026-02-13
285,30285,счет,оплачен,122383,2026-02-09
286,30286,счет,не оплачен,0,2026-02-13
287,30287,карта,оплачен,155731,2026-02-13
288,30288,рассрочка,оплачен,134738,2026-02-06
289,30289,карта,частично оплачен,7566,2026-02-06
290,30290,карта,оплачен,72622,2026-02-09
291,30291,карта,частично оплачен,278168,2026-02-09
292,30292,счет,оплачен,69780,2026-02-09
293,30293,счет,не оплачен,0,2026-02-09
294,30294,карта,оплачен,74955,2026-02-09
295,30295,карта,частично оплачен,11645,2026-02-09
296,30296,счет,оплачен,277350,2026-02-12
297,30297,счет,оплачен,148336,2026-02-12
298,30298,карта,просрочен,660,2026-02-16
299,30299,карта,оплачен,40573,2026-02-12
300,30300,счет,оплачен,74774,2026-02-12
301,30301,карта,частично оплачен,10537,2026-02-09
302,30302,счет,оплачен,163250,2026-02-23
303,30303,карта,оплачен,70482,2026-02-12
304,30304,рассрочка,не оплачен,0,2026-02-12
305,30305,карта,оплачен,92890,2026-02-09
306,30306,карта,оплачен,456296,2026-02-23
307,30307,счет,оплачен,70458,2026-02-12
308,30308,карта,оплачен,47166,2026-02-09
309,30309,карта,оплачен,13210,2026-02-16
310,30310,карта,оплачен,98135,2026-02-17
311,30311,карта,оплачен,12139,2026-02-17
312,30312,карта,оплачен,30574,2026-02-24
313,30313,карта,оплачен,20152,2026-02-24
314,30314,счет,частично оплачен,40760,2026-02-10
315,30315,счет,оплачен,6411,2026-02-13
316,30316,карта,оплачен,12456,2026-02-17
317,30317,счет,оплачен,35114,2026-02-13
318,30318,счет,оплачен,347992,2026-02-10
319,30319,счет,не оплачен,0,2026-02-25
320,30320,карта,частично оплачен,103077,2026-02-11
321,30321,карта,просрочен,5813,2026-02-11
322,30322,счет,оплачен,3645,2026-02-14
323,30323,счет,оплачен,3846,2026-02-14
324,30324,счет,оплачен,77375,2026-02-25
325,30325,карта,оплачен,27126,2026-02-14
326,30326,счет,частично оплачен,20318,2026-02-11
327,30327,счет,оплачен,233026,2026-02-18
328,30328,карта,оплачен,40007,2026-02-14
329,30329,счет,не оплачен,0,2026-02-25
330,30330,счет,оплачен,9589,2026-02-14
331,30331,карта,оплачен,470928,2026-02-18
332,30332,карта,оплачен,51695,2026-02-18
333,30333,карта,оплачен,7203,2026-02-25
334,30334,карта,оплачен,25227,2026-02-14
335,30335,счет,оплачен,280353,2026-02-15
336,30336,карта,оплачен,104984,2026-02-12
337,30337,карта,просрочен,9613,2026-02-15
338,30338,счет,оплачен,9802,2026-02-26
339,30339,счет,оплачен,250412,2026-02-12
340,30340,карта,оплачен,55218,2026-02-26
341,30341,карта,частично оплачен,84045,2026-02-15
342,30342,счет,частично оплачен,12660,2026-02-15
343,30343,карта,не оплачен,0,2026-02-26
344,30344,карта,оплачен,58931,2026-02-12
345,30345,карта,оплачен,69284,2026-02-12
346,30346,счет,оплачен,122368,2026-02-15
347,30347,карта,оплачен,80841,2026-02-12
348,30348,счет,частично оплачен,5747,2026-02-19
349,30349,счет,оплачен,313800,2026-02-19
350,30350,счет,оплачен,11754,2026-02-15
351,30351,счет,просрочен,3006,2026-02-26
352,30352,счет,оплачен,479329,2026-02-12
353,30353,карта,оплачен,176377,2026-02-27
354,30354,счет,не оплачен,0,2026-02-20
355,30355,карта,частично оплачен,157571,2026-02-13
356,30356,счет,оплачен,45644,2026-02-27
357,30357,счет,оплачен,80786,2026-02-13
358,30358,карта,оплачен,38455,2026-02-27
359,30359,счет,оплачен,19151,2026-02-20
360,30360,рассрочка,оплачен,9332,2026-02-16
361,30361,счет,оплачен,71636,2026-02-19
362,30362,счет,оплачен,11893,2026-02-19
363,30363,счет,просрочен,10277,2026-02-23
364,30364,счет,оплачен,120938,2026-03-02
365,30365,карта,оплачен,469922,2026-02-23
366,30366,счет,оплачен,11710,2026-02-16
367,30367,рассрочка,оплачен,107104,2026-02-19
368,30368,счет,оплачен,18859,2026-02-16
369,30369,счет,не оплачен,0,2026-02-23
370,30370,счет,оплачен,31536,2026-02-23
371,30371,счет,оплачен,5268,2026-03-02
372,30372,счет,оплачен,19224,2026-03-02
373,30373,карта,оплачен,6269,2026-02-23
374,30374,карта,оплачен,277936,2026-02-19
375,30375,счет,оплачен,79974,2026-02-23
376,30376,карта,оплачен,263378,2026-02-19
377,30377,карта,оплачен,87311,2026-02-16
378,30378,карта,оплачен,149850,2026-03-03
379,30379,карта,оплачен,237015,2026-02-20
380,30380,карта,оплачен,24764,2026-02-17
381,30381,счет,оплачен,3653,2026-02-17
382,30382,карта,оплачен,11856,2026-02-24
383,30383,карта,не оплачен,0,2026-03-03
384,30384,счет,оплачен,50530,2026-02-17
385,30385,карта,оплачен,29141,2026-02-17
386,30386,рассрочка,оплачен,101787,2026-02-17
387,30387,карта,оплачен,88208,2026-03-03
388,30388,счет,оплачен,51469,2026-02-25
389,30389,карта,оплачен,12350,2026-02-21
390,30390,счет,оплачен,156283,2026-02-21
391,30391,счет,не оплачен,0,2026-02-21
392,30392,счет,оплачен,7055,2026-02-25
393,30393,счет,оплачен,480145,2026-02-25
394,30394,счет,оплачен,29535,2026-03-04
395,30395,рассрочка,оплачен,243384,2026-03-04
396,30396,карта,оплачен,158860,2026-03-04
397,30397,счет,частично оплачен,25170,2026-02-25
398,30398,счет,оплачен,32412,2026-02-25
399,30399,карта,оплачен,39459,2026-02-25
400,30400,счет,оплачен,3933,2026-02-25
401,30401,счет,частично оплачен,27757,2026-02-21
402,30402,карта,оплачен,18646,2026-02-25
403,30403,счет,оплачен,34808,2026-03-04
404,30404,счет,частично оплачен,28480,2026-02-21
405,30405,карта,частично оплачен,76950,2026-02-25
406,30406,счет,оплачен,54612,2026-02-26
407,30407,рассрочка,оплачен,3739,2026-02-19
408,30408,счет,оплачен,231369,2026-03-05
409,30409,карта,не оплачен,0,2026-02-26
410,30410,счет,оплачен,11983,2026-02-22
411,30411,карта,оплачен,46770,2026-02-22
412,30412,карта,оплачен,144952,2026-02-22
413,30413,счет,просрочен,2665,2026-02-19
414,30414,счет,оплачен,18523,2026-02-26
415,30415,счет,не оплачен,0,2026-03-05
416,30416,счет,оплачен,27043,2026-02-22
417,30417,счет,частично оплачен,25993,2026-02-26
418,30418,карта,оплачен,480134,2026-02-20
419,30419,карта,оплачен,39480,2026-02-23
420,30420,счет,оплачен,72805,2026-02-27
421,30421,счет,оплачен,21114,2026-02-20
422,30422,карта,оплачен,12463,2026-02-23
423,30423,счет,оплачен,218406,2026-02-23
424,30424,карта,частично оплачен,38230,2026-02-20
425,30425,карта,оплачен,4070,2026-03-06
426,30426,рассрочка,просрочен,14357,2026-02-20
427,30427,счет,не оплачен,0,2026-03-06
428,30428,рассрочка,оплачен,5922,2026-03-06
429,30429,счет,оплачен,12252,2026-02-23
430,30430,рассрочка,оплачен,55516,2026-02-27
431,30431,рассрочка,просрочен,4749,2026-02-27
432,30432,карта,оплачен,8849,2026-02-20
433,30433,счет,просрочен,4057,2026-02-27
434,30434,счет,оплачен,488550,2026-02-23
435,30435,рассрочка,оплачен,123048,2026-02-27
436,30436,карта,оплачен,72549,2026-02-26
437,30437,счет,оплачен,270493,2026-02-26
438,30438,рассрочка,частично оплачен,37206,2026-02-26
439,30439,карта,оплачен,7587,2026-03-02
440,30440,карта,оплачен,36234,2026-02-23
441,30441,счет,оплачен,3953,2026-02-23
442,30442,карта,частично оплачен,10785,2026-02-23
443,30443,карта,оплачен,153683,2026-02-23
444,30444,карта,частично оплачен,329675,2026-02-26
445,30445,карта,оплачен,75110,2026-03-02
446,30446,карта,оплачен,54307,2026-03-02
447,30447,рассрочка,просрочен,6710,2026-03-02
448,30448,рассрочка,оплачен,3728,2026-03-02
449,30449,счет,оплачен,86537,2026-02-26
450,30450,счет,оплачен,39657,2026-03-03
451,30451,счет,не оплачен,0,2026-03-03
452,30452,счет,оплачен,159602,2026-03-03
453,30453,рассрочка,оплачен,78080,2026-02-24
454,30454,рассрочка,оплачен,12516,2026-02-24
455,30455,счет,оплачен,389642,2026-03-10
456,30456,счет,оплачен,23643,2026-03-03
457,30457,счет,не оплачен,0,2026-03-03
458,30458,рассрочка,оплачен,134051,2026-03-10
459,30459,счет,частично оплачен,22494,2026-03-03
460,30460,карта,оплачен,24343,2026-03-10
461,30461,карта,оплачен,28151,2026-02-24
462,30462,счет,оплачен,435456,2026-03-11
463,30463,счет,оплачен,240725,2026-02-28
464,30464,карта,оплачен,129463,2026-03-04
465,30465,карта,оплачен,20054,2026-02-25
466,30466,счет,оплачен,50718,2026-03-04
467,30467,карта,оплачен,26499,2026-02-25
468,30468,счет,оплачен,120383,2026-03-04
469,30469,карта,оплачен,523434,2026-02-25
470,30470,счет,оплачен,24201,2026-03-01
471,30471,счет,оплачен,51948,2026-03-05
472,30472,карта,оплачен,76632,2026-03-01
473,30473,карта,оплачен,62851,2026-03-05
474,30474,карта,оплачен,39698,2026-02-26
475,30475,счет,оплачен,9305,2026-02-26
476,30476,карта,просрочен,1301,2026-02-26
477,30477,рассрочка,просрочен,11601,2026-03-01
478,30478,счет,оплачен,39399,2026-03-01
479,30479,счет,оплачен,25014,2026-03-05
480,30480,рассрочка,оплачен,6087,2026-03-05
481,30481,счет,оплачен,23107,2026-03-05
482,30482,карта,оплачен,3777,2026-03-05
483,30483,рассрочка,оплачен,12137,2026-03-05
484,30484,рассрочка,частично оплачен,48965,2026-02-26
485,30485,рассрочка,частично оплачен,7113,2026-03-12
486,30486,счет,оплачен,368345,2026-02-26
487,30487,рассрочка,оплачен,44966,2026-03-13
488,30488,рассрочка,частично оплачен,9036,2026-03-02
489,30489,карта,не оплачен,0,2026-02-27
490,30490,карта,оплачен,3832,2026-03-06
491,30491,рассрочка,частично оплачен,353157,2026-03-13
492,30492,счет,не оплачен,0,2026-03-02
493,30493,счет,оплачен,487830,2026-02-27
494,30494,карта,оплачен,103951,2026-02-27
495,30495,счет,оплачен,18428,2026-02-27
496,30496,карта,оплачен,19039,2026-02-27
497,30497,счет,оплачен,81126,2026-03-09
498,30498,счет,оплачен,43704,2026-03-16
499,30499,карта,оплачен,3623,2026-03-16
500,30500,счет,частично оплачен,38531,2026-03-09
501,30501,счет,оплачен,9753,2026-03-16
502,30502,счет,частично оплачен,3070,2026-03-09
503,30503,рассрочка,не оплачен,0,2026-03-16
504,30504,карта,оплачен,457737,2026-03-16
505,30505,карта,частично оплачен,122424,2026-03-02
506,30506,счет,оплачен,179171,2026-03-09
507,30507,карта,оплачен,82251,2026-03-05
508,30508,карта,оплачен,5475,2026-03-16
509,30509,карта,частично оплачен,16623,2026-03-09
510,30510,счет,просрочен,582,2026-03-05
511,30511,карта,не оплачен,0,2026-03-17
512,30512,карта,оплачен,20818,2026-03-10
513,30513,счет,оплачен,245542,2026-03-03
514,30514,счет,оплачен,52823,2026-03-17
515,30515,счет,просрочен,1432,2026-03-17
516,30516,карта,оплачен,12699,2026-03-06
517,30517,счет,оплачен,4112,2026-03-06
518,30518,карта,оплачен,84736,2026-03-03
519,30519,карта,оплачен,6264,2026-03-11
520,30520,счет,оплачен,18459,2026-03-07
521,30521,счет,частично оплачен,12956,2026-03-11
522,30522,карта,просрочен,14123,2026-03-07
523,30523,счет,оплачен,73654,2026-03-07
524,30524,карта,не оплачен,0,2026-03-18
525,30525,счет,оплачен,37000,2026-03-07
526,30526,карта,оплачен,5560,2026-03-07
527,30527,карта,оплачен,260895,2026-03-11
528,30528,рассрочка,оплачен,305563,2026-03-11
529,30529,рассрочка,оплачен,35095,2026-03-07
530,30530,карта,оплачен,1018360,2026-03-11
531,30531,рассрочка,оплачен,47459,2026-03-18
532,30532,карта,оплачен,6644,2026-03-11
533,30533,счет,оплачен,79592,2026-03-07
534,30534,счет,оплачен,26226,2026-03-05
535,30535,счет,оплачен,76816,2026-03-12
536,30536,счет,оплачен,32443,2026-03-08
537,30537,карта,оплачен,23935,2026-03-12
538,30538,карта,частично оплачен,10411,2026-03-05
539,30539,рассрочка,оплачен,39111,2026-03-19
540,30540,рассрочка,оплачен,21531,2026-03-08
541,30541,счет,частично оплачен,64428,2026-03-12
542,30542,счет,просрочен,8511,2026-03-19
543,30543,карта,оплачен,227896,2026-03-08
544,30544,карта,частично оплачен,31177,2026-03-08
545,30545,счет,оплачен,48621,2026-03-12
546,30546,рассрочка,оплачен,37096,2026-03-08
547,30547,счет,оплачен,77562,2026-03-12
548,30548,карта,просрочен,3506,2026-03-19
549,30549,карта,частично оплачен,59039,2026-03-19
550,30550,карта,оплачен,50468,2026-03-06
551,30551,счет,оплачен,27766,2026-03-09
552,30552,карта,частично оплачен,8105,2026-03-20
553,30553,счет,оплачен,306136,2026-03-09
554,30554,карта,просрочен,40665,2026-03-20
555,30555,рассрочка,оплачен,235022,2026-03-13
556,30556,счет,оплачен,11510,2026-03-13
557,30557,счет,оплачен,51153,2026-03-09
558,30558,счет,не оплачен,0,2026-03-06
559,30559,карта,оплачен,8754,2026-03-09
560,30560,рассрочка,оплачен,245984,2026-03-13
561,30561,карта,оплачен,48808,2026-03-20
562,30562,карта,не оплачен,0,2026-03-06
563,30563,счет,оплачен,9965,2026-03-12
564,30564,рассрочка,оплачен,10302,2026-03-12
565,30565,карта,не оплачен,0,2026-03-16
566,30566,карта,оплачен,109704,2026-03-12
567,30567,карта,не оплачен,0,2026-03-12
568,30568,счет,оплачен,76317,2026-03-09
569,30569,карта,оплачен,35646,2026-03-09
570,30570,карта,оплачен,98987,2026-03-12
571,30571,счет,оплачен,20592,2026-03-09
572,30572,карта,просрочен,2854,2026-03-23
573,30573,карта,просрочен,1809,2026-03-23
574,30574,карта,оплачен,26122,2026-03-23
575,30575,карта,оплачен,81654,2026-03-16
576,30576,счет,просрочен,6977,2026-03-16
577,30577,карта,оплачен,311870,2026-03-16
578,30578,счет,оплачен,11527,2026-03-12
579,30579,счет,частично оплачен,43915,2026-03-24
580,30580,счет,оплачен,9703,2026-03-24
581,30581,рассрочка,оплачен,21113,2026-03-10
582,30582,счет,оплачен,77343,2026-03-13
583,30583,карта,частично оплачен,16422,2026-03-10
584,30584,карта,оплачен,129418,2026-03-13
585,30585,карта,оплачен,59661,2026-03-17
586,30586,счет,не оплачен,0,2026-03-17
587,30587,счет,оплачен,129688,2026-03-18
588,30588,карта,оплачен,25253,2026-03-11
589,30589,счет,оплачен,18126,2026-03-18
590,30590,счет,оплачен,475416,2026-03-11
591,30591,карта,просрочен,35705,2026-03-11
592,30592,счет,оплачен,12159,2026-03-25
593,30593,карта,оплачен,13216,2026-03-25
594,30594,карта,оплачен,9603,2026-03-14
595,30595,счет,оплачен,124551,2026-03-25
596,30596,карта,не оплачен,0,2026-03-25
597,30597,карта,не оплачен,0,2026-03-18
598,30598,счет,оплачен,26443,2026-03-25
599,30599,счет,оплачен,49830,2026-03-19
600,30600,счет,оплачен,469048,2026-03-15
601,30601,карта,оплачен,151607,2026-03-26
602,30602,счет,частично оплачен,30300,2026-03-15
603,30603,счет,частично оплачен,37893,2026-03-26
604,30604,счет,оплачен,11587,2026-03-15
605,30605,карта,частично оплачен,18366,2026-03-15
606,30606,счет,не оплачен,0,2026-03-12
607,30607,счет,оплачен,36668,2026-03-12
608,30608,карта,оплачен,38789,2026-03-19
609,30609,счет,оплачен,25404,2026-03-12
610,30610,рассрочка,частично оплачен,10106,2026-03-15
611,30611,счет,оплачен,81787,2026-03-12
612,30612,карта,оплачен,63582,2026-03-26
613,30613,карта,оплачен,37066,2026-03-12
614,30614,счет,оплачен,37092,2026-03-20
615,30615,счет,просрочен,637,2026-03-13
616,30616,счет,просрочен,1137,2026-03-20
617,30617,карта,оплачен,9600,2026-03-13
618,30618,счет,оплачен,43814,2026-03-13
619,30619,счет,оплачен,79958,2026-03-27
620,30620,карта,оплачен,18870,2026-03-16
621,30621,карта,оплачен,11130,2026-03-16
622,30622,карта,оплачен,96556,2026-03-27
623,30623,счет,не оплачен,0,2026-03-20
624,30624,счет,оплачен,55050,2026-03-27
625,30625,карта,оплачен,123601,2026-03-16
626,30626,карта,оплачен,32656,2026-03-20
627,30627,счет,оплачен,243777,2026-03-30
628,30628,счет,не оплачен,0,2026-03-23
629,30629,карта,оплачен,6308,2026-03-23
630,30630,рассрочка,оплачен,12432,2026-03-16
631,30631,карта,оплачен,87606,2026-03-16
632,30632,счет,оплачен,111118,2026-03-16
633,30633,счет,оплачен,24666,2026-03-19
634,30634,счет,просрочен,557,2026-03-16
635,30635,карта,оплачен,377237,2026-03-23
636,30636,счет,оплачен,36576,2026-03-23
637,30637,карта,оплачен,50598,2026-03-17
638,30638,карта,оплачен,36024,2026-03-31
639,30639,карта,оплачен,18839,2026-03-20
640,30640,рассрочка,оплачен,39933,2026-03-20
641,30641,рассрочка,не оплачен,0,2026-03-24
642,30642,карта,оплачен,229448,2026-03-24
643,30643,карта,частично оплачен,86347,2026-03-24
644,30644,карта,оплачен,10811,2026-03-24
645,30645,карта,не оплачен,0,2026-03-17
646,30646,карта,оплачен,48571,2026-03-20
647,30647,рассрочка,оплачен,46316,2026-03-20
648,30648,карта,оплачен,145603,2026-03-31
649,30649,карта,оплачен,25960,2026-03-24
650,30650,счет,оплачен,52245,2026-03-20
651,30651,карта,оплачен,17855,2026-03-20
652,30652,карта,частично оплачен,22258,2026-03-17
653,30653,счет,оплачен,39667,2026-03-24
654,30654,рассрочка,оплачен,7652,2026-03-21
655,30655,карта,просрочен,183,2026-03-18
656,30656,счет,оплачен,91222,2026-04-01
657,30657,счет,оплачен,7760,2026-04-01
658,30658,карта,оплачен,52237,2026-03-21
659,30659,рассрочка,оплачен,38020,2026-03-21
660,30660,карта,оплачен,253116,2026-04-01
661,30661,рассрочка,частично оплачен,51651,2026-03-18
662,30662,счет,оплачен,11912,2026-03-21
663,30663,карта,оплачен,3828,2026-04-01
664,30664,карта,просрочен,4909,2026-04-01
665,30665,карта,оплачен,32593,2026-03-21
666,30666,карта,оплачен,59059,2026-04-01
667,30667,рассрочка,оплачен,75067,2026-03-21
668,30668,карта,оплачен,235665,2026-03-18
669,30669,счет,частично оплачен,25563,2026-03-25
670,30670,карта,частично оплачен,143691,2026-04-01
671,30671,карта,оплачен,79660,2026-03-26
672,30672,карта,оплачен,59779,2026-03-26
673,30673,счет,оплачен,253717,2026-03-26
674,30674,карта,частично оплачен,6089,2026-03-26
675,30675,карта,оплачен,246306,2026-03-22
676,30676,счет,оплачен,295617,2026-03-22
677,30677,карта,оплачен,25919,2026-03-19
678,30678,карта,оплачен,65071,2026-03-19
679,30679,счет,не оплачен,0,2026-03-19
680,30680,карта,оплачен,24616,2026-03-26
681,30681,счет,оплачен,47839,2026-03-22
682,30682,счет,оплачен,49253,2026-03-19
683,30683,счет,частично оплачен,2228,2026-03-19
684,30684,карта,оплачен,18124,2026-04-02
685,30685,рассрочка,оплачен,36216,2026-03-19
686,30686,счет,оплачен,483488,2026-03-19
687,30687,счет,оплачен,15290,2026-03-22
688,30688,карта,оплачен,7110,2026-03-23
689,30689,карта,оплачен,80849,2026-04-03
690,30690,счет,оплачен,160836,2026-03-20
691,30691,карта,оплачен,47569,2026-03-27
692,30692,счет,оплачен,3897,2026-03-23
693,30693,карта,оплачен,15098,2026-03-20
694,30694,карта,оплачен,46740,2026-04-03
695,30695,рассрочка,оплачен,9986,2026-03-27
696,30696,счет,частично оплачен,7371,2026-03-27
697,30697,карта,оплачен,7580,2026-03-23
698,30698,карта,оплачен,36902,2026-03-27
699,30699,счет,оплачен,713641,2026-03-23
700,30700,счет,оплачен,84658,2026-04-03
701,30701,счет,не оплачен,0,2026-04-03
702,30702,рассрочка,оплачен,8342,2026-03-27
703,30703,карта,оплачен,75248,2026-03-20
704,30704,счет,оплачен,54058,2026-03-23
705,30705,карта,оплачен,75876,2026-04-03
706,30706,карта,оплачен,173626,2026-03-26
707,30707,карта,просрочен,1636,2026-03-30
708,30708,счет,оплачен,217929,2026-03-30
709,30709,карта,оплачен,160504,2026-03-23
710,30710,карта,оплачен,494150,2026-03-26
711,30711,карта,оплачен,49902,2026-04-06
712,30712,рассрочка,частично оплачен,148878,2026-03-26
713,30713,счет,оплачен,270129,2026-03-23
714,30714,карта,оплачен,10016,2026-04-06
715,30715,счет,оплачен,51844,2026-03-30
716,30716,карта,не оплачен,0,2026-04-06
717,30717,карта,оплачен,36589,2026-04-06
718,30718,карта,оплачен,37271,2026-03-23
719,30719,карта,оплачен,12163,2026-03-30
720,30720,карта,не оплачен,0,2026-03-26
721,30721,счет,оплачен,9666,2026-03-26
722,30722,карта,оплачен,26586,2026-03-26
723,30723,карта,оплачен,11819,2026-03-31
724,30724,карта,оплачен,281684,2026-03-24
725,30725,карта,оплачен,79578,2026-03-24
726,30726,карта,оплачен,15899,2026-03-24
727,30727,счет,оплачен,155184,2026-03-31
728,30728,карта,оплачен,18868,2026-03-27
729,30729,карта,оплачен,47404,2026-03-24
730,30730,счет,не оплачен,0,2026-03-24
731,30731,рассрочка,оплачен,97004,2026-03-31
732,30732,карта,оплачен,38211,2026-03-27
733,30733,карта,частично оплачен,6975,2026-03-27
734,30734,карта,просрочен,717,2026-03-24
735,30735,счет,оплачен,27327,2026-04-07
736,30736,счет,просрочен,14244,2026-04-07
737,30737,карта,оплачен,39625,2026-04-07
738,30738,карта,оплачен,83148,2026-03-31
739,30739,счет,не оплачен,0,2026-04-07
740,30740,карта,не оплачен,0,2026-04-07
741,30741,рассрочка,не оплачен,0,2026-04-01
742,30742,карта,оплачен,6142,2026-04-01
743,30743,счет,оплачен,25930,2026-03-28
744,30744,счет,оплачен,132205,2026-03-25
745,30745,карта,оплачен,245999,2026-04-08
746,30746,счет,оплачен,128324,2026-03-25
747,30747,карта,частично оплачен,8678,2026-03-28
748,30748,счет,частично оплачен,6253,2026-03-28
749,30749,счет,оплачен,32388,2026-03-25
750,30750,рассрочка,не оплачен,0,2026-04-08
751,30751,счет,оплачен,40139,2026-03-28
752,30752,карта,оплачен,25276,2026-03-25
753,30753,карта,частично оплачен,43735,2026-03-25
754,30754,карта,оплачен,77221,2026-03-25
755,30755,карта,просрочен,5465,2026-03-28
756,30756,счет,оплачен,11937,2026-04-01
757,30757,счет,оплачен,18823,2026-03-26
758,30758,карта,оплачен,22886,2026-04-09
759,30759,счет,частично оплачен,7750,2026-03-29
760,30760,карта,частично оплачен,54214,2026-04-09
761,30761,карта,оплачен,104837,2026-04-02
762,30762,счет,оплачен,37082,2026-04-09
763,30763,рассрочка,оплачен,105925,2026-03-26
764,30764,карта,частично оплачен,143782,2026-03-29
765,30765,счет,оплачен,45183,2026-04-09
766,30766,карта,просрочен,19059,2026-03-29
767,30767,рассрочка,оплачен,89437,2026-03-29
768,30768,рассрочка,оплачен,251341,2026-03-27
769,30769,карта,оплачен,7830,2026-04-03
770,30770,карта,оплачен,38911,2026-04-03
771,30771,счет,оплачен,77942,2026-04-03
772,30772,карта,оплачен,53230,2026-03-27
773,30773,карта,частично оплачен,47999,2026-03-30
774,30774,рассрочка,оплачен,16848,2026-03-30
775,30775,карта,оплачен,29028,2026-04-03
776,30776,карта,оплачен,346201,2026-04-03
777,30777,карта,оплачен,104735,2026-04-10
778,30778,карта,оплачен,27724,2026-04-10
779,30779,счет,оплачен,13129,2026-04-13
780,30780,карта,оплачен,229770,2026-04-02
781,30781,счет,оплачен,468252,2026-04-02
782,30782,карта,не оплачен,0,2026-04-06
783,30783,счет,частично оплачен,1529,2026-04-06
784,30784,карта,оплачен,77335,2026-03-30
785,30785,карта,оплачен,18019,2026-04-13
786,30786,карта,оплачен,193559,2026-04-13
787,30787,счет,частично оплачен,44467,2026-03-30
788,30788,рассрочка,частично оплачен,9812,2026-03-30
789,30789,карта,оплачен,318262,2026-04-06
790,30790,карта,оплачен,114421,2026-04-13
791,30791,счет,оплачен,79716,2026-03-30
792,30792,счет,оплачен,55104,2026-04-02
793,30793,карта,частично оплачен,8111,2026-03-30
794,30794,счет,оплачен,13101,2026-04-13
795,30795,счет,оплачен,50738,2026-04-13
796,30796,счет,оплачен,6332,2026-04-02
797,30797,карта,оплачен,17723,2026-03-31
798,30798,карта,оплачен,17967,2026-03-31
799,30799,карта,частично оплачен,232116,2026-04-07
800,30800,карта,оплачен,18008,2026-04-03
801,30801,карта,оплачен,3743,2026-04-07
802,30802,карта,оплачен,7550,2026-04-14
803,30803,счет,оплачен,49231,2026-03-31
804,30804,счет,оплачен,117387,2026-03-31
805,30805,счет,оплачен,11655,2026-04-07
806,30806,карта,оплачен,37963,2026-04-03
807,30807,счет,оплачен,53543,2026-04-03
808,30808,карта,оплачен,95817,2026-04-07
809,30809,счет,оплачен,103646,2026-04-01
810,30810,счет,частично оплачен,38728,2026-04-04
811,30811,карта,оплачен,253509,2026-04-04
812,30812,карта,оплачен,100465,2026-04-08
813,30813,счет,оплачен,51724,2026-04-15
814,30814,счет,оплачен,24044,2026-04-15
815,30815,карта,оплачен,17141,2026-04-08
816,30816,счет,оплачен,157770,2026-04-04
817,30817,счет,оплачен,240901,2026-04-02
818,30818,карта,частично оплачен,38100,2026-04-02
819,30819,счет,оплачен,92484,2026-04-09
820,30820,счет,оплачен,72184,2026-04-05
821,30821,карта,оплачен,93665,2026-04-16
822,30822,счет,оплачен,77004,2026-04-05
823,30823,счет,оплачен,17639,2026-04-05
824,30824,карта,оплачен,36000,2026-04-05
825,30825,карта,оплачен,52526,2026-04-05
826,30826,счет,оплачен,3973,2026-04-09
827,30827,счет,оплачен,31099,2026-04-06
828,30828,счет,оплачен,238240,2026-04-10
829,30829,карта,просрочен,1288,2026-04-17
830,30830,карта,оплачен,105864,2026-04-10
831,30831,карта,оплачен,221115,2026-04-03
832,30832,карта,оплачен,3725,2026-04-17
833,30833,счет,просрочен,298,2026-04-17
834,30834,карта,оплачен,16456,2026-04-06
835,30835,карта,оплачен,37161,2026-04-10
836,30836,карта,оплачен,52067,2026-04-09
837,30837,счет,оплачен,12360,2026-04-13
838,30838,карта,частично оплачен,37959,2026-04-09
839,30839,счет,не оплачен,0,2026-04-09
840,30840,карта,частично оплачен,21872,2026-04-06
841,30841,счет,оплачен,6115,2026-04-06
842,30842,счет,оплачен,162556,2026-04-20
843,30843,карта,оплачен,65725,2026-04-09
844,30844,карта,оплачен,94283,2026-04-06
845,30845,карта,оплачен,36230,2026-04-20
846,30846,счет,оплачен,269735,2026-04-13
847,30847,рассрочка,оплачен,97201,2026-04-20
848,30848,карта,оплачен,591963,2026-04-09
849,30849,карта,оплачен,236589,2026-04-09
850,30850,счет,оплачен,478778,2026-04-06
851,30851,карта,оплачен,49759,2026-04-09
852,30852,карта,оплачен,24048,2026-04-20
853,30853,счет,оплачен,63558,2026-04-13
854,30854,карта,оплачен,23161,2026-04-14
855,30855,рассрочка,оплачен,74299,2026-04-21
856,30856,карта,оплачен,248483,2026-04-14
857,30857,счет,оплачен,18844,2026-04-10
858,30858,карта,оплачен,34321,2026-04-07
859,30859,карта,просрочен,35506,2026-04-07
860,30860,счет,не оплачен,0,2026-04-07
861,30861,счет,оплачен,242851,2026-04-10
862,30862,счет,оплачен,238146,2026-04-14
863,30863,счет,оплачен,18906,2026-04-07
864,30864,карта,оплачен,6162,2026-04-22
865,30865,счет,оплачен,3760,2026-04-08
866,30866,карта,частично оплачен,6806,2026-04-08
867,30867,карта,оплачен,558918,2026-04-08
868,30868,счет,оплачен,37470,2026-04-08
869,30869,карта,оплачен,36635,2026-04-08
870,30870,карта,не оплачен,0,2026-04-15
871,30871,счет,не оплачен,0,2026-04-22
872,30872,счет,оплачен,78260,2026-04-11
873,30873,карта,оплачен,33717,2026-04-12
874,30874,счет,просрочен,6387,2026-04-23
875,30875,рассрочка,оплачен,95270,2026-04-16
876,30876,счет,оплачен,51600,2026-04-09
877,30877,счет,не оплачен,0,2026-04-16
878,30878,карта,оплачен,11512,2026-04-09
879,30879,карта,оплачен,7055,2026-04-12
880,30880,карта,оплачен,7598,2026-04-09
881,30881,счет,оплачен,27862,2026-04-24
882,30882,карта,оплачен,137608,2026-04-10
883,30883,карта,оплачен,122191,2026-04-10
884,30884,счет,не оплачен,0,2026-04-10
885,30885,рассрочка,оплачен,111664,2026-04-17
886,30886,рассрочка,оплачен,108198,2026-04-13
887,30887,счет,оплачен,24601,2026-04-17
888,30888,счет,частично оплачен,147703,2026-04-13
889,30889,карта,частично оплачен,11718,2026-04-24
890,30890,счет,оплачен,280661,2026-04-10
891,30891,карта,оплачен,39372,2026-04-24
892,30892,карта,оплачен,12012,2026-04-13
893,30893,счет,оплачен,104763,2026-04-24
894,30894,счет,оплачен,155970,2026-04-17
895,30895,карта,оплачен,25123,2026-04-13
896,30896,счет,не оплачен,0,2026-04-10
897,30897,карта,оплачен,41603,2026-04-24
898,30898,рассрочка,не оплачен,0,2026-04-10
899,30899,рассрочка,оплачен,35055,2026-04-27
900,30900,рассрочка,не оплачен,0,2026-04-16
901,30901,карта,оплачен,18755,2026-04-27
902,30902,карта,оплачен,268024,2026-04-16
903,30903,счет,оплачен,18774,2026-04-20
904,30904,счет,оплачен,81267,2026-04-20
905,30905,карта,частично оплачен,8895,2026-04-13
906,30906,счет,оплачен,80441,2026-04-13
907,30907,счет,частично оплачен,3909,2026-04-20
908,30908,рассрочка,оплачен,234637,2026-04-20
909,30909,карта,оплачен,78658,2026-04-13
910,30910,карта,оплачен,12946,2026-04-20
911,30911,счет,оплачен,84731,2026-04-20
912,30912,карта,оплачен,163460,2026-04-27
913,30913,счет,оплачен,12160,2026-04-27
914,30914,карта,оплачен,76441,2026-04-13
915,30915,рассрочка,оплачен,77195,2026-04-28
916,30916,счет,оплачен,288445,2026-04-28
917,30917,счет,оплачен,24989,2026-04-28
918,30918,счет,не оплачен,0,2026-04-17
919,30919,карта,оплачен,27907,2026-04-21
920,30920,карта,оплачен,17900,2026-04-14
921,30921,счет,не оплачен,0,2026-04-21
922,30922,карта,оплачен,11805,2026-04-28
923,30923,счет,оплачен,10074,2026-04-14
924,30924,счет,оплачен,8824,2026-04-21
925,30925,карта,оплачен,67690,2026-04-28
926,30926,счет,оплачен,53402,2026-04-28
927,30927,счет,оплачен,51282,2026-04-28
928,30928,карта,оплачен,378083,2026-04-17
929,30929,счет,частично оплачен,13103,2026-04-17
930,30930,карта,частично оплачен,92123,2026-04-29
931,30931,карта,оплачен,43683,2026-04-15
932,30932,карта,не оплачен,0,2026-04-29
933,30933,карта,не оплачен,0,2026-04-29
934,30934,карта,оплачен,75899,2026-04-15
935,30935,карта,оплачен,25631,2026-04-29
936,30936,счет,оплачен,476812,2026-04-29
937,30937,счет,оплачен,74562,2026-04-15
938,30938,счет,оплачен,242335,2026-04-22
939,30939,карта,оплачен,98844,2026-04-18
940,30940,карта,оплачен,136735,2026-04-29
941,30941,счет,оплачен,76251,2026-04-22
942,30942,карта,не оплачен,0,2026-04-22
943,30943,рассрочка,оплачен,35663,2026-04-29
944,30944,карта,оплачен,52898,2026-04-15
945,30945,рассрочка,оплачен,157112,2026-04-18
946,30946,карта,не оплачен,0,2026-04-16
947,30947,карта,оплачен,40424,2026-04-23
948,30948,карта,оплачен,35299,2026-04-16
949,30949,карта,оплачен,26801,2026-04-16
950,30950,карта,не оплачен,0,2026-04-23
951,30951,счет,оплачен,107439,2026-04-23
952,30952,карта,оплачен,120892,2026-04-19
953,30953,счет,частично оплачен,36869,2026-04-30
954,30954,карта,частично оплачен,2674,2026-04-19
955,30955,счет,просрочен,183,2026-05-01
956,30956,карта,оплачен,12539,2026-05-01
957,30957,счет,оплачен,110810,2026-04-20
958,30958,счет,не оплачен,0,2026-05-01
959,30959,счет,оплачен,218984,2026-04-20
960,30960,счет,не оплачен,0,2026-04-24
961,30961,счет,не оплачен,0,2026-04-20
962,30962,счет,оплачен,3571,2026-04-24
963,30963,счет,оплачен,9081,2026-05-01
964,30964,счет,просрочен,43073,2026-04-23
965,30965,карта,оплачен,19504,2026-05-04
966,30966,рассрочка,оплачен,35415,2026-04-23
967,30967,рассрочка,оплачен,17656,2026-04-27
968,30968,рассрочка,оплачен,51344,2026-04-23
969,30969,счет,частично оплачен,27426,2026-04-20
970,30970,рассрочка,оплачен,3494,2026-04-23
971,30971,счет,оплачен,3939,2026-05-04
972,30972,счет,оплачен,52725,2026-04-23
973,30973,счет,оплачен,5831,2026-04-20
974,30974,карта,оплачен,3706,2026-05-04
975,30975,карта,оплачен,39932,2026-04-27
976,30976,карта,частично оплачен,78048,2026-05-04
977,30977,рассрочка,оплачен,125128,2026-04-20
978,30978,счет,не оплачен,0,2026-04-23
979,30979,счет,оплачен,26304,2026-04-27
980,30980,счет,оплачен,54158,2026-05-04
981,30981,счет,оплачен,3681,2026-04-20
982,30982,карта,оплачен,52977,2026-04-28
983,30983,карта,оплачен,3553,2026-04-28
984,30984,счет,оплачен,18975,2026-04-28
985,30985,карта,не оплачен,0,2026-04-21
986,30986,карта,оплачен,16882,2026-04-28
987,30987,счет,частично оплачен,7005,2026-04-21
988,30988,карта,просрочен,6513,2026-05-05
989,30989,карта,оплачен,9506,2026-04-24
990,30990,карта,оплачен,25318,2026-05-05
991,30991,счет,не оплачен,0,2026-04-21
992,30992,карта,оплачен,3576,2026-04-25
993,30993,счет,частично оплачен,7314,2026-04-22
994,30994,счет,не оплачен,0,2026-04-29
995,30995,карта,оплачен,39862,2026-04-22
996,30996,рассрочка,частично оплачен,18859,2026-04-22
997,30997,счет,оплачен,5963,2026-04-29
998,30998,счет,оплачен,489721,2026-04-29
999,30999,счет,оплачен,244898,2026-04-29
1000,31000,счет,оплачен,7726,2026-05-06
1001,31001,карта,оплачен,12686,2026-04-25
1002,31002,карта,оплачен,11908,2026-05-06
1003,31003,карта,оплачен,76295,2026-04-29
1004,31004,счет,оплачен,307736,2026-04-22
1005,31005,карта,оплачен,22469,2026-05-07
1006,31006,счет,оплачен,51784,2026-04-30
1007,31007,счет,оплачен,79877,2026-04-26
1008,31008,счет,оплачен,24318,2026-04-30
1009,31009,рассрочка,оплачен,41511,2026-04-26
1010,31010,карта,оплачен,45424,2026-04-30
1011,31011,счет,оплачен,253475,2026-04-23
1012,31012,счет,оплачен,53072,2026-04-30
1013,31013,счет,оплачен,29485,2026-04-23
1014,31014,карта,оплачен,79091,2026-04-23
1015,31015,счет,оплачен,276516,2026-04-23
1016,31016,карта,не оплачен,0,2026-04-26
1017,31017,счет,оплачен,10466,2026-04-26
1018,31018,рассрочка,оплачен,77764,2026-04-30
1019,31019,счет,не оплачен,0,2026-04-26
1020,31020,карта,оплачен,256006,2026-05-07
1021,31021,счет,оплачен,735773,2026-05-07
1022,31022,карта,оплачен,12917,2026-05-01
1023,31023,рассрочка,частично оплачен,5259,2026-04-24
1024,31024,счет,частично оплачен,27686,2026-04-27
1025,31025,счет,не оплачен,0,2026-04-24
1026,31026,счет,оплачен,242108,2026-04-27
1027,31027,счет,оплачен,493479,2026-05-01
1028,31028,счет,не оплачен,0,2026-05-08
1029,31029,карта,оплачен,5305,2026-05-01
1030,31030,карта,не оплачен,0,2026-04-27
1031,31031,рассрочка,оплачен,27436,2026-05-08
1032,31032,карта,не оплачен,0,2026-04-24
1033,31033,счет,оплачен,4056,2026-04-27
1034,31034,карта,не оплачен,0,2026-04-27
1035,31035,счет,частично оплачен,3874,2026-05-01
1036,31036,карта,оплачен,50109,2026-05-01
1037,31037,карта,оплачен,236400,2026-04-27
1038,31038,счет,оплачен,72519,2026-05-04
1039,31039,карта,оплачен,184206,2026-04-30
1040,31040,карта,оплачен,18270,2026-05-11
1041,31041,счет,просрочен,55103,2026-05-04
1042,31042,счет,оплачен,47786,2026-04-27
1043,31043,рассрочка,не оплачен,0,2026-05-04
1044,31044,счет,оплачен,120836,2026-04-27
1045,31045,карта,оплачен,30273,2026-04-28
1046,31046,карта,просрочен,548,2026-05-12
1047,31047,карта,оплачен,66759,2026-05-01
1048,31048,карта,не оплачен,0,2026-05-12
1049,31049,карта,оплачен,36575,2026-04-28
1050,31050,счет,частично оплачен,12603,2026-05-01
1051,31051,счет,оплачен,79191,2026-05-05
1052,31052,рассрочка,оплачен,248147,2026-04-28
1053,31053,счет,частично оплачен,25752,2026-05-01
1054,31054,счет,оплачен,74320,2026-05-01
1055,31055,счет,просрочен,3210,2026-05-05
1056,31056,счет,оплачен,68517,2026-04-29
1057,31057,карта,оплачен,11857,2026-05-13
1058,31058,карта,оплачен,9540,2026-05-13
1059,31059,карта,оплачен,141134,2026-04-29
1060,31060,карта,оплачен,25718,2026-05-02
1061,31061,карта,частично оплачен,11261,2026-05-13
1062,31062,счет,оплачен,103239,2026-04-29
1063,31063,рассрочка,оплачен,25342,2026-04-29
1064,31064,счет,частично оплачен,25593,2026-05-02
1065,31065,карта,оплачен,38433,2026-05-02
1066,31066,рассрочка,не оплачен,0,2026-05-02
1067,31067,карта,оплачен,12017,2026-04-29
1068,31068,счет,оплачен,39773,2026-05-02
1069,31069,рассрочка,оплачен,21908,2026-05-07
1070,31070,счет,оплачен,17835,2026-05-14
1071,31071,карта,оплачен,5329,2026-05-03
1072,31072,карта,не оплачен,0,2026-05-14
1073,31073,счет,оплачен,353350,2026-05-03
1074,31074,счет,оплачен,3803,2026-05-03
1075,31075,карта,оплачен,6506,2026-05-03
1076,31076,карта,оплачен,43855,2026-05-07
1077,31077,карта,не оплачен,0,2026-05-03
1078,31078,счет,частично оплачен,7833,2026-05-14
1079,31079,счет,оплачен,12223,2026-05-08
1080,31080,счет,оплачен,79862,2026-05-04
1081,31081,карта,оплачен,170264,2026-05-08
1082,31082,карта,оплачен,25422,2026-05-04
1083,31083,рассрочка,оплачен,276594,2026-05-15
1084,31084,карта,частично оплачен,191575,2026-05-08
1085,31085,счет,оплачен,12340,2026-05-01
1086,31086,карта,оплачен,9070,2026-05-15
1087,31087,карта,оплачен,19344,2026-05-15
1088,31088,карта,просрочен,6282,2026-05-04
1089,31089,счет,оплачен,72537,2026-05-01
1090,31090,карта,оплачен,17489,2026-05-15
1091,31091,рассрочка,частично оплачен,25460,2026-05-01
1092,31092,карта,оплачен,10572,2026-05-15
1093,31093,карта,оплачен,23270,2026-05-11
1094,31094,счет,оплачен,50838,2026-05-07
1095,31095,карта,частично оплачен,5356,2026-05-04
1096,31096,счет,оплачен,235573,2026-05-11
1097,31097,счет,оплачен,481340,2026-05-07
1098,31098,карта,просрочен,5610,2026-05-11
1099,31099,счет,просрочен,1072,2026-05-11
1100,31100,счет,частично оплачен,10244,2026-05-07
1101,31101,карта,оплачен,20904,2026-05-04
1102,31102,рассрочка,оплачен,5822,2026-05-11
1103,31103,карта,не оплачен,0,2026-05-07
1104,31104,счет,оплачен,40406,2026-05-18
1105,31105,рассрочка,оплачен,13341,2026-05-08
1106,31106,карта,оплачен,7782,2026-05-05
1107,31107,счет,оплачен,40895,2026-05-08
1108,31108,счет,не оплачен,0,2026-05-19
1109,31109,карта,оплачен,66394,2026-05-19
1110,31110,счет,оплачен,17913,2026-05-05
1111,31111,карта,оплачен,12216,2026-05-08
1112,31112,счет,оплачен,47165,2026-05-08
1113,31113,карта,оплачен,4015,2026-05-19
1114,31114,счет,оплачен,15998,2026-05-08
1115,31115,счет,оплачен,169719,2026-05-05
1116,31116,счет,оплачен,12316,2026-05-08
1117,31117,карта,оплачен,40839,2026-05-19
1118,31118,карта,оплачен,19291,2026-05-08
1119,31119,счет,оплачен,39816,2026-05-19
1120,31120,карта,не оплачен,0,2026-05-08
1121,31121,карта,оплачен,36426,2026-05-12
1122,31122,карта,оплачен,168540,2026-05-20
1123,31123,счет,просрочен,6706,2026-05-06
1124,31124,счет,оплачен,77439,2026-05-09
1125,31125,счет,просрочен,963,2026-05-13
1126,31126,карта,не оплачен,0,2026-05-13
1127,31127,карта,оплачен,7254,2026-05-20
1128,31128,счет,оплачен,254135,2026-05-20
1129,31129,карта,не оплачен,0,2026-05-06
1130,31130,карта,оплачен,471350,2026-05-07
1131,31131,счет,оплачен,254486,2026-05-21
1132,31132,счет,оплачен,75285,2026-05-14
1133,31133,рассрочка,оплачен,109726,2026-05-14
1134,31134,счет,частично оплачен,52121,2026-05-10
1135,31135,счет,просрочен,10221,2026-05-07
1136,31136,рассрочка,оплачен,18307,2026-05-21
1137,31137,счет,оплачен,47408,2026-05-14
1138,31138,счет,просрочен,9312,2026-05-22
1139,31139,счет,оплачен,82420,2026-05-08
1140,31140,карта,оплачен,6180,2026-05-15
1141,31141,карта,просрочен,26150,2026-05-15
1142,31142,счет,оплачен,34185,2026-05-15
1143,31143,карта,оплачен,77745,2026-05-15
1144,31144,счет,оплачен,30475,2026-05-08
1145,31145,карта,оплачен,14234,2026-05-15
1146,31146,счет,оплачен,468488,2026-05-08
1147,31147,карта,оплачен,241203,2026-05-08
1148,31148,счет,оплачен,27411,2026-05-22
1149,31149,счет,оплачен,227995,2026-05-22
1150,31150,счет,оплачен,100849,2026-05-25
1151,31151,карта,оплачен,5872,2026-05-11
1152,31152,счет,оплачен,3817,2026-05-14
1153,31153,счет,оплачен,9792,2026-05-18
1154,31154,карта,оплачен,154404,2026-05-25
1155,31155,карта,просрочен,25896,2026-05-18
1156,31156,счет,просрочен,22532,2026-05-11
1157,31157,счет,оплачен,74115,2026-05-11
1158,31158,карта,оплачен,12960,2026-05-14
1159,31159,счет,оплачен,11244,2026-05-25
1160,31160,счет,оплачен,913717,2026-05-11
1161,31161,рассрочка,оплачен,156381,2026-05-14
1162,31162,счет,просрочен,34198,2026-05-18
1163,31163,рассрочка,оплачен,224548,2026-05-18
1164,31164,счет,просрочен,2867,2026-05-18
1165,31165,карта,оплачен,3825,2026-05-18
1166,31166,рассрочка,просрочен,86908,2026-05-19
1167,31167,карта,оплачен,71299,2026-05-12
1168,31168,карта,частично оплачен,23682,2026-05-26
1169,31169,рассрочка,частично оплачен,47847,2026-05-15
1170,31170,карта,оплачен,212220,2026-05-26
1171,31171,карта,не оплачен,0,2026-05-15
1172,31172,карта,не оплачен,0,2026-05-15
1173,31173,счет,просрочен,16573,2026-05-12
1174,31174,карта,оплачен,22847,2026-05-27
1175,31175,счет,частично оплачен,31384,2026-05-27
1176,31176,рассрочка,не оплачен,0,2026-05-20
1177,31177,карта,оплачен,25707,2026-05-27
1178,31178,рассрочка,оплачен,22663,2026-05-16
1179,31179,счет,оплачен,77406,2026-05-16
1180,31180,карта,оплачен,46523,2026-05-13
1181,31181,счет,просрочен,381,2026-05-16
1182,31182,карта,оплачен,115081,2026-05-16
1183,31183,рассрочка,оплачен,9748,2026-05-27
1184,31184,счет,оплачен,23626,2026-05-20
1185,31185,счет,частично оплачен,23527,2026-05-16
1186,31186,карта,оплачен,127022,2026-05-20
1187,31187,рассрочка,оплачен,12649,2026-05-28
1188,31188,счет,оплачен,54655,2026-05-17
1189,31189,карта,оплачен,74609,2026-05-17
1190,31190,карта,оплачен,24069,2026-05-17
1191,31191,счет,оплачен,109868,2026-05-17
1192,31192,карта,оплачен,282638,2026-05-21
1193,31193,счет,частично оплачен,4753,2026-05-14
1194,31194,карта,оплачен,21974,2026-05-14
1195,31195,счет,оплачен,10126,2026-05-28
1196,31196,карта,оплачен,12167,2026-05-28
1197,31197,карта,оплачен,19799,2026-05-15
1198,31198,карта,не оплачен,0,2026-05-18
1199,31199,счет,частично оплачен,2281,2026-05-18
1200,31200,рассрочка,оплачен,27654,2026-05-29
1201,31201,рассрочка,оплачен,72081,2026-05-15
1202,31202,карта,оплачен,39007,2026-05-29
1203,31203,карта,оплачен,74421,2026-05-18
1204,31204,карта,оплачен,76923,2026-05-29
1205,31205,счет,не оплачен,0,2026-05-22
1206,31206,счет,просрочен,1817,2026-05-18
1207,31207,карта,частично оплачен,13221,2026-05-21
1208,31208,карта,оплачен,25349,2026-05-21
1209,31209,счет,оплачен,304026,2026-05-21
1210,31210,рассрочка,оплачен,9970,2026-05-18
1211,31211,карта,не оплачен,0,2026-05-18
1212,31212,карта,оплачен,158636,2026-05-18
1213,31213,счет,оплачен,706914,2026-05-25
1214,31214,карта,просрочен,75846,2026-05-19
1215,31215,счет,оплачен,74177,2026-05-22
1216,31216,счет,оплачен,68282,2026-05-22
1217,31217,рассрочка,частично оплачен,15093,2026-05-26
1218,31218,карта,оплачен,59790,2026-05-19
1219,31219,счет,оплачен,39810,2026-05-19
1220,31220,карта,оплачен,39446,2026-06-02
1221,31221,счет,оплачен,236995,2026-06-02
1222,31222,карта,не оплачен,0,2026-06-02
1223,31223,рассрочка,оплачен,149549,2026-05-22
1224,31224,счет,оплачен,5780,2026-05-22
1225,31225,счет,не оплачен,0,2026-05-22
1226,31226,счет,оплачен,126851,2026-06-02
1227,31227,счет,оплачен,456450,2026-05-26
1228,31228,карта,не оплачен,0,2026-05-22
1229,31229,счет,частично оплачен,4075,2026-05-26
1230,31230,карта,оплачен,150127,2026-05-19
1231,31231,карта,оплачен,51567,2026-05-20
1232,31232,рассрочка,оплачен,18363,2026-05-27
1233,31233,карта,оплачен,149012,2026-05-27
1234,31234,рассрочка,оплачен,48067,2026-05-20
1235,31235,карта,не оплачен,0,2026-06-03
1236,31236,карта,оплачен,52841,2026-05-27
1237,31237,счет,оплачен,4073,2026-05-27
1238,31238,счет,частично оплачен,163659,2026-05-27
1239,31239,карта,просрочен,1840,2026-05-20
1240,31240,карта,оплачен,8775,2026-05-20
1241,31241,карта,оплачен,45624,2026-06-03
1242,31242,счет,оплачен,253540,2026-05-23
1243,31243,счет,частично оплачен,10262,2026-05-23
1244,31244,счет,не оплачен,0,2026-05-23
1245,31245,счет,не оплачен,0,2026-06-03
1246,31246,счет,оплачен,3414,2026-06-03
1247,31247,счет,частично оплачен,99123,2026-05-20
1248,31248,счет,частично оплачен,19467,2026-05-20
1249,31249,карта,оплачен,22968,2026-05-21
1250,31250,счет,оплачен,27211,2026-05-28
1251,31251,рассрочка,оплачен,3819,2026-05-28
1252,31252,счет,не оплачен,0,2026-06-04
1253,31253,счет,частично оплачен,4171,2026-06-04
1254,31254,счет,оплачен,5910,2026-05-24
1255,31255,карта,частично оплачен,80303,2026-05-28
1256,31256,карта,оплачен,70969,2026-05-28
1257,31257,карта,частично оплачен,32084,2026-05-24
1258,31258,счет,оплачен,3473,2026-05-24
1259,31259,карта,оплачен,8696,2026-05-28
1260,31260,счет,оплачен,54264,2026-05-21
1261,31261,счет,частично оплачен,33030,2026-06-04
1262,31262,счет,оплачен,40628,2026-05-28
1263,31263,рассрочка,оплачен,3596,2026-05-29
1264,31264,счет,не оплачен,0,2026-06-05
1265,31265,счет,оплачен,132979,2026-05-22
1266,31266,карта,не оплачен,0,2026-05-22
1267,31267,счет,оплачен,86786,2026-05-29
1268,31268,счет,оплачен,49635,2026-05-22
1269,31269,карта,оплачен,550420,2026-05-25
1270,31270,счет,оплачен,284734,2026-05-29
1271,31271,счет,частично оплачен,35843,2026-05-22
1272,31272,карта,оплачен,48257,2026-06-05
1273,31273,счет,оплачен,23624,2026-05-22
1274,31274,карта,просрочен,9017,2026-05-22
1275,31275,счет,оплачен,146081,2026-05-25
1276,31276,счет,оплачен,38584,2026-06-05
1277,31277,карта,оплачен,33710,2026-06-05
1278,31278,карта,оплачен,923817,2026-05-25
1279,31279,счет,оплачен,5534,2026-05-25
1280,31280,рассрочка,оплачен,708618,2026-06-08
1281,31281,карта,оплачен,3580,2026-06-08
1282,31282,рассрочка,частично оплачен,8979,2026-05-25
1283,31283,карта,просрочен,3001,2026-06-01
1284,31284,рассрочка,оплачен,54009,2026-06-08
1285,31285,карта,оплачен,5981,2026-06-08
1286,31286,карта,оплачен,12057,2026-06-01
1287,31287,карта,не оплачен,0,2026-05-25
1288,31288,счет,оплачен,38925,2026-06-08
1289,31289,счет,оплачен,116953,2026-05-28
1290,31290,счет,оплачен,407674,2026-06-01
1291,31291,карта,оплачен,14435,2026-05-28
1292,31292,счет,оплачен,79437,2026-05-25
1293,31293,карта,оплачен,25638,2026-06-01
1294,31294,карта,оплачен,13180,2026-06-08
1295,31295,счет,оплачен,56436,2026-06-02
1296,31296,карта,оплачен,23483,2026-06-02
1297,31297,карта,оплачен,235056,2026-05-26
1298,31298,рассрочка,оплачен,106209,2026-06-09
1299,31299,рассрочка,оплачен,192996,2026-05-29
1300,31300,счет,оплачен,3727,2026-06-09
1301,31301,рассрочка,оплачен,96615,2026-05-26
1302,31302,карта,просрочен,5527,2026-06-09
1303,31303,счет,оплачен,23789,2026-06-09
1304,31304,карта,оплачен,4108,2026-06-09
1305,31305,карта,оплачен,27039,2026-05-29
1306,31306,счет,оплачен,219932,2026-06-02
1307,31307,счет,частично оплачен,41569,2026-05-29
1308,31308,карта,оплачен,245856,2026-05-29
1309,31309,счет,просрочен,4253,2026-05-27
1310,31310,карта,оплачен,100954,2026-06-03
1311,31311,счет,оплачен,18249,2026-06-03
1312,31312,карта,оплачен,54420,2026-06-03
1313,31313,рассрочка,оплачен,85973,2026-06-10
1314,31314,карта,оплачен,3870,2026-05-27
1315,31315,счет,не оплачен,0,2026-05-27
1316,31316,счет,оплачен,73885,2026-05-27
1317,31317,рассрочка,оплачен,68665,2026-06-03
1318,31318,карта,оплачен,740441,2026-05-30
1319,31319,карта,оплачен,63482,2026-06-10
1320,31320,счет,оплачен,122293,2026-06-10
1321,31321,карта,оплачен,9880,2026-06-04
1322,31322,карта,оплачен,102552,2026-05-31
1323,31323,карта,оплачен,38974,2026-05-28
1324,31324,счет,не оплачен,0,2026-06-04
1325,31325,карта,оплачен,54113,2026-05-31
1326,31326,карта,частично оплачен,5884,2026-05-28
1327,31327,карта,не оплачен,0,2026-05-28
1328,31328,счет,оплачен,73837,2026-05-28
1329,31329,рассрочка,оплачен,12672,2026-05-31
1330,31330,карта,оплачен,28358,2026-06-04
1331,31331,карта,оплачен,11390,2026-05-28
1332,31332,счет,оплачен,155396,2026-05-31
1333,31333,карта,оплачен,46980,2026-06-12
1334,31334,карта,оплачен,51691,2026-06-01
1335,31335,карта,оплачен,10108,2026-06-05
1336,31336,счет,оплачен,25309,2026-06-01
1337,31337,карта,оплачен,26496,2026-05-29
1338,31338,карта,не оплачен,0,2026-06-01
1339,31339,карта,оплачен,16651,2026-05-29
1340,31340,карта,просрочен,8667,2026-06-05
1341,31341,карта,просрочен,2153,2026-06-12
1342,31342,карта,оплачен,204589,2026-06-05
1343,31343,счет,оплачен,98291,2026-06-01
1344,31344,рассрочка,оплачен,96814,2026-06-05
1345,31345,карта,оплачен,102167,2026-05-29
1346,31346,карта,оплачен,40135,2026-06-12
1347,31347,счет,оплачен,9585,2026-06-12
1348,31348,счет,оплачен,228739,2026-05-29
1349,31349,счет,оплачен,479222,2026-06-12
1350,31350,счет,оплачен,241360,2026-05-29
1351,31351,счет,оплачен,57461,2026-06-15
1352,31352,счет,оплачен,10466,2026-06-04
1353,31353,карта,просрочен,9027,2026-06-08
1354,31354,карта,частично оплачен,5374,2026-06-01
1355,31355,счет,просрочен,2679,2026-06-01
1356,31356,счет,оплачен,110696,2026-06-08
1357,31357,карта,частично оплачен,4083,2026-06-04
1358,31358,карта,оплачен,34569,2026-06-08
1359,31359,карта,оплачен,46152,2026-06-15
1360,31360,карта,оплачен,17393,2026-06-08
1361,31361,карта,оплачен,139048,2026-06-15
1362,31362,рассрочка,оплачен,7960,2026-06-15
1363,31363,карта,просрочен,33589,2026-06-01
1364,31364,счет,просрочен,6686,2026-06-08
1365,31365,карта,оплачен,23809,2026-06-01
1366,31366,счет,оплачен,228504,2026-06-01
1367,31367,карта,оплачен,9499,2026-06-15
1368,31368,карта,просрочен,18391,2026-06-05
1369,31369,рассрочка,оплачен,116837,2026-06-05
1370,31370,счет,частично оплачен,33760,2026-06-05
1371,31371,счет,не оплачен,0,2026-06-02
1372,31372,карта,частично оплачен,11496,2026-06-05
1373,31373,карта,оплачен,24378,2026-06-09
1374,31374,рассрочка,оплачен,71234,2026-06-05
1375,31375,карта,оплачен,14475,2026-06-02
1376,31376,карта,оплачен,92319,2026-06-09
1377,31377,карта,оплачен,3667,2026-06-02
1378,31378,карта,оплачен,6002,2026-06-10
1379,31379,счет,оплачен,51877,2026-06-03
1380,31380,счет,оплачен,36549,2026-06-17
1381,31381,счет,не оплачен,0,2026-06-10
1382,31382,рассрочка,оплачен,3672,2026-06-06
1383,31383,карта,частично оплачен,3069,2026-06-17
1384,31384,рассрочка,оплачен,89110,2026-06-03
1385,31385,карта,не оплачен,0,2026-06-17
1386,31386,счет,оплачен,52963,2026-06-03
1387,31387,счет,частично оплачен,326243,2026-06-06
1388,31388,рассрочка,не оплачен,0,2026-06-10
1389,31389,счет,оплачен,64570,2026-06-10
1390,31390,карта,просрочен,10334,2026-06-03
1391,31391,карта,просрочен,3185,2026-06-06
1392,31392,карта,оплачен,37917,2026-06-03
1393,31393,карта,оплачен,12522,2026-06-17
1394,31394,карта,оплачен,5957,2026-06-03
1395,31395,карта,оплачен,3823,2026-06-18
1396,31396,счет,оплачен,52674,2026-06-04
1397,31397,карта,оплачен,49230,2026-06-04
1398,31398,счет,оплачен,9188,2026-06-07
1399,31399,счет,оплачен,179280,2026-06-11
1400,31400,счет,оплачен,21023,2026-06-07
1401,31401,карта,оплачен,4197,2026-06-07
1402,31402,счет,не оплачен,0,2026-06-07
1403,31403,карта,оплачен,9547,2026-06-11
1404,31404,счет,оплачен,24696,2026-06-18
1405,31405,счет,оплачен,3824,2026-06-04
1406,31406,счет,оплачен,18454,2026-06-18
1407,31407,счет,оплачен,9435,2026-06-04
1408,31408,карта,оплачен,71068,2026-06-07
1409,31409,счет,частично оплачен,12533,2026-06-07
1410,31410,счет,оплачен,11822,2026-06-04
1411,31411,карта,оплачен,18704,2026-06-07
1412,31412,счет,просрочен,28955,2026-06-07
1413,31413,счет,оплачен,35768,2026-06-05
1414,31414,счет,частично оплачен,31481,2026-06-05
1415,31415,карта,оплачен,31275,2026-06-08
1416,31416,карта,оплачен,36027,2026-06-19
1417,31417,счет,оплачен,122071,2026-06-08
1418,31418,карта,оплачен,7832,2026-06-08
1419,31419,счет,оплачен,22490,2026-06-08
1420,31420,карта,оплачен,3457,2026-06-05
1421,31421,счет,просрочен,577,2026-06-05
1422,31422,карта,оплачен,276823,2026-06-08
1423,31423,карта,оплачен,239865,2026-06-08
1424,31424,рассрочка,оплачен,18966,2026-06-22
1425,31425,карта,оплачен,53921,2026-06-22
1426,31426,счет,оплачен,19300,2026-06-15
1427,31427,счет,оплачен,8964,2026-06-11
1428,31428,счет,оплачен,17056,2026-06-22
1429,31429,счет,оплачен,64245,2026-06-22
1430,31430,счет,оплачен,19674,2026-06-15
1431,31431,карта,частично оплачен,6064,2026-06-08
1432,31432,счет,оплачен,167010,2026-06-11
1433,31433,карта,оплачен,206290,2026-06-22
1434,31434,счет,оплачен,53189,2026-06-08
1435,31435,карта,оплачен,76117,2026-06-08
1436,31436,счет,оплачен,57225,2026-06-22
1437,31437,рассрочка,оплачен,63210,2026-06-22
1438,31438,счет,оплачен,237314,2026-06-08
1439,31439,карта,оплачен,369568,2026-06-11
1440,31440,рассрочка,оплачен,16870,2026-06-23
1441,31441,карта,оплачен,73582,2026-06-23
1442,31442,карта,оплачен,47343,2026-06-16
1443,31443,карта,оплачен,11835,2026-06-09
1444,31444,счет,просрочен,47504,2026-06-12
1445,31445,карта,оплачен,89118,2026-06-09
1446,31446,карта,оплачен,37780,2026-06-23
1447,31447,счет,оплачен,4124,2026-06-23
1448,31448,счет,оплачен,11976,2026-06-16
1449,31449,карта,оплачен,19040,2026-06-16
1450,31450,карта,оплачен,3827,2026-06-23
1451,31451,счет,оплачен,476148,2026-06-23
1452,31452,счет,не оплачен,0,2026-06-09
1453,31453,карта,оплачен,6068,2026-06-16
1454,31454,карта,частично оплачен,147347,2026-06-12
1455,31455,счет,частично оплачен,4097,2026-06-12
1456,31456,рассрочка,оплачен,78108,2026-06-09
1457,31457,карта,просрочен,29102,2026-06-12
1458,31458,карта,оплачен,34583,2026-06-10
1459,31459,карта,оплачен,66295,2026-06-24
1460,31460,карта,оплачен,3969,2026-06-13
1461,31461,карта,оплачен,28123,2026-06-24
1462,31462,счет,оплачен,76623,2026-06-24
1463,31463,рассрочка,оплачен,70076,2026-06-10
1464,31464,карта,частично оплачен,41562,2026-06-13
1465,31465,счет,не оплачен,0,2026-06-24
1466,31466,карта,просрочен,55374,2026-06-10
1467,31467,карта,просрочен,3968,2026-06-17
1468,31468,карта,оплачен,27183,2026-06-10
1469,31469,счет,не оплачен,0,2026-06-10
1470,31470,карта,оплачен,4158,2026-06-10
1471,31471,карта,оплачен,3578,2026-06-24
1472,31472,рассрочка,оплачен,67010,2026-06-17
1473,31473,счет,оплачен,259531,2026-06-13
1474,31474,карта,оплачен,51413,2026-06-11
1475,31475,карта,оплачен,53274,2026-06-14
1476,31476,счет,оплачен,50219,2026-06-25
1477,31477,рассрочка,оплачен,49458,2026-06-18
1478,31478,карта,оплачен,25868,2026-06-25
1479,31479,карта,оплачен,229692,2026-06-14
1480,31480,счет,оплачен,236445,2026-06-14
1481,31481,счет,оплачен,248531,2026-06-18
1482,31482,карта,оплачен,274249,2026-06-18
1483,31483,карта,оплачен,51898,2026-06-18
1484,31484,карта,просрочен,188,2026-06-25
1485,31485,счет,не оплачен,0,2026-06-25
1486,31486,счет,оплачен,91733,2026-06-11
1487,31487,счет,оплачен,471842,2026-06-12
1488,31488,счет,частично оплачен,24219,2026-06-19
1489,31489,счет,оплачен,163041,2026-06-26
1490,31490,счет,оплачен,51021,2026-06-19
1491,31491,карта,оплачен,18727,2026-06-12
1492,31492,счет,оплачен,515452,2026-06-12
1493,31493,счет,оплачен,5558,2026-06-26
1494,31494,рассрочка,оплачен,99357,2026-06-26
1495,31495,карта,оплачен,82654,2026-06-15
1496,31496,карта,оплачен,76713,2026-06-19
1497,31497,счет,оплачен,5637,2026-06-15
1498,31498,рассрочка,не оплачен,0,2026-06-29
1499,31499,счет,оплачен,147348,2026-06-18
1500,31500,карта,оплачен,12422,2026-06-22
1501,31501,счет,оплачен,44870,2026-06-22
1502,31502,карта,оплачен,39413,2026-06-22
1503,31503,счет,оплачен,284782,2026-06-18
1504,31504,счет,оплачен,18623,2026-06-29
1505,31505,счет,оплачен,38116,2026-06-23
1506,31506,рассрочка,оплачен,53282,2026-06-30
1507,31507,карта,оплачен,71522,2026-06-16
1508,31508,карта,оплачен,104546,2026-06-30
1509,31509,карта,оплачен,17043,2026-06-30
1510,31510,рассрочка,оплачен,33368,2026-06-23
1511,31511,карта,частично оплачен,149024,2026-06-19
1512,31512,карта,оплачен,5787,2026-06-16
1513,31513,рассрочка,оплачен,7269,2026-06-23
1514,31514,счет,оплачен,108156,2026-06-23
1515,31515,рассрочка,оплачен,40552,2026-06-23
1516,31516,счет,оплачен,104502,2026-06-23
1517,31517,карта,оплачен,83065,2026-06-30
1518,31518,счет,оплачен,8755,2026-06-30
1519,31519,счет,не оплачен,0,2026-06-16
1520,31520,счет,оплачен,6209,2026-06-23
1521,31521,карта,частично оплачен,17795,2026-06-24
1522,31522,рассрочка,оплачен,9315,2026-07-01
1523,31523,карта,оплачен,72391,2026-07-01
1524,31524,счет,просрочен,5845,2026-06-20
1525,31525,счет,оплачен,9397,2026-06-20
1526,31526,счет,оплачен,224744,2026-06-17
1527,31527,карта,оплачен,33658,2026-06-20
1528,31528,счет,оплачен,11811,2026-06-24
1529,31529,карта,оплачен,12094,2026-06-17
1530,31530,карта,оплачен,5988,2026-07-01
1531,31531,рассрочка,оплачен,107240,2026-07-01
1532,31532,рассрочка,оплачен,223369,2026-06-20
1533,31533,карта,оплачен,38794,2026-06-17
1534,31534,карта,оплачен,37943,2026-06-17
1535,31535,счет,оплачен,52617,2026-06-24
1536,31536,счет,частично оплачен,55238,2026-07-01
1537,31537,счет,оплачен,18384,2026-07-02
1538,31538,карта,оплачен,27206,2026-06-21
1539,31539,рассрочка,оплачен,19831,2026-07-02
1540,31540,карта,не оплачен,0,2026-07-02
1541,31541,карта,оплачен,109944,2026-06-25
1542,31542,карта,просрочен,5075,2026-06-18
1543,31543,счет,оплачен,112745,2026-06-21
1544,31544,счет,оплачен,38505,2026-06-25
1545,31545,счет,оплачен,18754,2026-06-18
1546,31546,счет,не оплачен,0,2026-06-18
1547,31547,карта,оплачен,410113,2026-06-18
1548,31548,счет,оплачен,35110,2026-06-25
1549,31549,карта,не оплачен,0,2026-06-18
1550,31550,карта,оплачен,77539,2026-06-21
1551,31551,счет,частично оплачен,3223,2026-07-02
1552,31552,карта,оплачен,164958,2026-06-21
1553,31553,карта,оплачен,79604,2026-06-25
1554,31554,счет,частично оплачен,15491,2026-06-26
1555,31555,счет,оплачен,30069,2026-06-26
1556,31556,счет,оплачен,90910,2026-06-26
1557,31557,карта,оплачен,54939,2026-06-26
1558,31558,карта,оплачен,30162,2026-07-03
1559,31559,карта,оплачен,24886,2026-07-03
1560,31560,счет,оплачен,131517,2026-06-26
1561,31561,счет,оплачен,55401,2026-06-19
1562,31562,карта,оплачен,15700,2026-07-03
1563,31563,счет,оплачен,72372,2026-06-26
1564,31564,счет,оплачен,38020,2026-07-03
1565,31565,счет,оплачен,27115,2026-06-19
1566,31566,счет,оплачен,111337,2026-07-03
1567,31567,карта,не оплачен,0,2026-06-22
1568,31568,рассрочка,частично оплачен,28860,2026-06-26
1569,31569,счет,оплачен,26355,2026-06-26
1570,31570,счет,оплачен,3744,2026-06-22
1571,31571,карта,оплачен,12366,2026-07-06
1572,31572,счет,оплачен,247429,2026-06-29
1573,31573,рассрочка,оплачен,158086,2026-06-29
1574,31574,счет,просрочен,2422,2026-07-06
1575,31575,карта,оплачен,97574,2026-06-22
1576,31576,счет,оплачен,79785,2026-06-22
1577,31577,счет,просрочен,35346,2026-06-22
1578,31578,счет,оплачен,459120,2026-06-29
1579,31579,счет,оплачен,216356,2026-06-25
1580,31580,счет,оплачен,229972,2026-06-22
1581,31581,счет,частично оплачен,136422,2026-06-25
1582,31582,карта,оплачен,52901,2026-06-29
1583,31583,карта,не оплачен,0,2026-06-23
1584,31584,карта,оплачен,214158,2026-06-23
1585,31585,счет,частично оплачен,7210,2026-06-30
1586,31586,счет,частично оплачен,28739,2026-06-30
1587,31587,карта,оплачен,12594,2026-06-26
1588,31588,счет,частично оплачен,10992,2026-07-07
1589,31589,счет,оплачен,15157,2026-06-26
1590,31590,счет,частично оплачен,6841,2026-06-26
1591,31591,карта,оплачен,3889,2026-06-27
1592,31592,счет,оплачен,26617,2026-06-24
1593,31593,карта,оплачен,9279,2026-07-08
1594,31594,счет,оплачен,3847,2026-06-27
1595,31595,счет,оплачен,93497,2026-06-27
1596,31596,счет,не оплачен,0,2026-07-01
1597,31597,карта,не оплачен,0,2026-07-01
1598,31598,карта,оплачен,49563,2026-06-27
1599,31599,счет,не оплачен,0,2026-06-24
1600,31600,рассрочка,оплачен,38351,2026-06-27
1601,31601,счет,оплачен,515772,2026-07-01
1602,31602,счет,не оплачен,0,2026-07-08
1603,31603,карта,не оплачен,0,2026-06-24
1604,31604,счет,оплачен,12109,2026-07-01
1605,31605,карта,оплачен,9696,2026-06-24
1606,31606,карта,оплачен,63350,2026-07-01
1607,31607,счет,оплачен,27051,2026-06-28
1608,31608,рассрочка,просрочен,679,2026-07-09
1609,31609,карта,оплачен,21144,2026-06-25
1610,31610,карта,оплачен,250463,2026-07-09
1611,31611,рассрочка,оплачен,6283,2026-06-28
1612,31612,счет,частично оплачен,30414,2026-07-09
1613,31613,карта,оплачен,13384,2026-06-28
1614,31614,карта,просрочен,18316,2026-06-25
1615,31615,счет,частично оплачен,1556,2026-06-25
1616,31616,счет,оплачен,28732,2026-07-02
1617,31617,карта,оплачен,89936,2026-07-09
1618,31618,карта,частично оплачен,8753,2026-06-28
1619,31619,счет,просрочен,4969,2026-07-02
1620,31620,карта,оплачен,52114,2026-07-02
1621,31621,карта,просрочен,1386,2026-06-25
1622,31622,карта,оплачен,23996,2026-07-02
1623,31623,карта,частично оплачен,6881,2026-07-02
1624,31624,карта,оплачен,155918,2026-07-10
1625,31625,счет,оплачен,75812,2026-07-03
1626,31626,карта,частично оплачен,11228,2026-07-03
1627,31627,счет,просрочен,15422,2026-06-29
1628,31628,карта,частично оплачен,9927,2026-07-10
1629,31629,счет,оплачен,320874,2026-06-29
1630,31630,карта,оплачен,36725,2026-06-26
1631,31631,счет,оплачен,77504,2026-07-10
1632,31632,счет,оплачен,18286,2026-06-26
1633,31633,карта,частично оплачен,108280,2026-07-03
1634,31634,счет,оплачен,28366,2026-06-29
1635,31635,карта,оплачен,12022,2026-07-06
1636,31636,счет,оплачен,29072,2026-06-29
1637,31637,рассрочка,оплачен,244969,2026-07-02
1638,31638,счет,оплачен,73671,2026-07-13
1639,31639,счет,оплачен,251750,2026-07-02
1640,31640,рассрочка,оплачен,26521,2026-07-06
1641,31641,карта,оплачен,235132,2026-07-06
1642,31642,счет,не оплачен,0,2026-07-06
1643,31643,карта,просрочен,4240,2026-07-06
1644,31644,счет,оплачен,102477,2026-07-02
1645,31645,счет,оплачен,99716,2026-07-13
1646,31646,счет,оплачен,11094,2026-06-29
1647,31647,карта,оплачен,6276,2026-07-13
1648,31648,счет,оплачен,17610,2026-07-13
1649,31649,счет,оплачен,22143,2026-07-02
1650,31650,счет,оплачен,52050,2026-07-14
1651,31651,карта,оплачен,4017,2026-07-03
1652,31652,счет,частично оплачен,7477,2026-06-30
1653,31653,карта,оплачен,85359,2026-06-30
1654,31654,карта,оплачен,26550,2026-07-07
1655,31655,счет,частично оплачен,12333,2026-06-30
1656,31656,счет,частично оплачен,45477,2026-06-30
1657,31657,карта,не оплачен,0,2026-07-03
1658,31658,рассрочка,оплачен,29163,2026-07-07
1659,31659,счет,оплачен,55094,2026-06-30
1660,31660,карта,оплачен,11555,2026-07-07
1661,31661,счет,просрочен,23189,2026-06-30
1662,31662,счет,оплачен,52939,2026-07-15
1663,31663,рассрочка,оплачен,111350,2026-07-08
1664,31664,счет,не оплачен,0,2026-07-08
1665,31665,рассрочка,не оплачен,0,2026-07-04
1666,31666,карта,оплачен,5871,2026-07-15
1667,31667,карта,оплачен,17414,2026-07-15
1668,31668,счет,оплачен,16213,2026-07-01
1669,31669,рассрочка,оплачен,103211,2026-07-01
1670,31670,счет,оплачен,52407,2026-07-04
1671,31671,счет,оплачен,39644,2026-07-08
1672,31672,счет,не оплачен,0,2026-07-15
1673,31673,рассрочка,оплачен,50906,2026-07-04
1674,31674,счет,не оплачен,0,2026-07-01
1675,31675,карта,частично оплачен,42586,2026-07-01
1676,31676,рассрочка,оплачен,3942,2026-07-01
1677,31677,карта,оплачен,102915,2026-07-05
1678,31678,карта,оплачен,22313,2026-07-05
1679,31679,карта,оплачен,10040,2026-07-16
1680,31680,счет,оплачен,27751,2026-07-02
1681,31681,счет,не оплачен,0,2026-07-05
1682,31682,карта,просрочен,12672,2026-07-09
1683,31683,карта,просрочен,7201,2026-07-09
1684,31684,карта,оплачен,13226,2026-07-02
1685,31685,счет,оплачен,44625,2026-07-02
1686,31686,счет,оплачен,240701,2026-07-02
1687,31687,счет,не оплачен,0,2026-07-02
1688,31688,карта,оплачен,24336,2026-07-05
1689,31689,рассрочка,оплачен,33529,2026-07-16
1690,31690,карта,оплачен,78524,2026-07-02
1691,31691,карта,оплачен,7118,2026-07-05
1692,31692,карта,оплачен,793077,2026-07-02
1693,31693,рассрочка,оплачен,12736,2026-07-09
1694,31694,карта,оплачен,75920,2026-07-02
1695,31695,рассрочка,оплачен,134403,2026-07-06
1696,31696,карта,оплачен,178964,2026-07-03
1697,31697,счет,частично оплачен,18821,2026-07-06
1698,31698,карта,оплачен,351597,2026-07-17
1699,31699,счет,оплачен,101696,2026-07-06
1700,31700,счет,оплачен,22303,2026-07-17
1701,31701,карта,оплачен,5860,2026-07-03
1702,31702,счет,оплачен,3946,2026-07-03
1703,31703,карта,не оплачен,0,2026-07-06
1704,31704,счет,оплачен,9787,2026-07-03
1705,31705,карта,оплачен,156276,2026-07-10
1706,31706,рассрочка,оплачен,38298,2026-07-06
1707,31707,карта,частично оплачен,89426,2026-07-06
1708,31708,рассрочка,не оплачен,0,2026-07-13
1709,31709,рассрочка,оплачен,70189,2026-07-09
1710,31710,рассрочка,частично оплачен,35965,2026-07-06
1711,31711,счет,оплачен,35418,2026-07-06
1712,31712,счет,оплачен,69623,2026-07-06
1713,31713,карта,оплачен,30634,2026-07-09
1714,31714,карта,частично оплачен,3808,2026-07-13
1715,31715,рассрочка,оплачен,170968,2026-07-20
1716,31716,карта,не оплачен,0,2026-07-13
1717,31717,счет,оплачен,166479,2026-07-06
1718,31718,карта,оплачен,49839,2026-07-13
1719,31719,счет,оплачен,219067,2026-07-09
1720,31720,карта,не оплачен,0,2026-07-09
1721,31721,счет,оплачен,40699,2026-07-13
1722,31722,рассрочка,оплачен,46956,2026-07-09
1723,31723,рассрочка,оплачен,8356,2026-07-07
1724,31724,рассрочка,оплачен,111385,2026-07-21
1725,31725,карта,оплачен,40066,2026-07-07
1726,31726,карта,не оплачен,0,2026-07-10
1727,31727,карта,оплачен,16741,2026-07-10
1728,31728,счет,частично оплачен,8516,2026-07-14
1729,31729,рассрочка,частично оплачен,91692,2026-07-21
1730,31730,счет,оплачен,23439,2026-07-10
1731,31731,счет,оплачен,23799,2026-07-10
1732,31732,рассрочка,просрочен,8345,2026-07-21
1733,31733,карта,оплачен,239245,2026-07-07
